"Table 4: Age-standardised suicide [note 1] rates per 100,000 population by sex, regions of England, 1981 to 2021 registrations",,,,,,,,,,,,,,,,,,,,,,,,,,,,,,,,,,,,,,,,,,,,,,,,,,,,,,,,,,,,,,,,,,,,,,,,,,,,,,,,,,,,,,,,,,,,,,,,,,,,,,,,,,,,,,,,,,,,,,,,,,,,,,,,,,,,,,,,,,,,,,,,,,,,,,,,,,,,,,,,,,,,,,
This worksheet contains one table. Some cells refer to notes which can be found on the 'Notes' worksheet.,,,,,,,,,,,,,,,,,,,,,,,,,,,,,,,,,,,,,,,,,,,,,,,,,,,,,,,,,,,,,,,,,,,,,,,,,,,,,,,,,,,,,,,,,,,,,,,,,,,,,,,,,,,,,,,,,,,,,,,,,,,,,,,,,,,,,,,,,,,,,,,,,,,,,,,,,,,,,,,,,,,,,,
LCL = lower confidence limit (95%) and UCL = upper confidence limit (95%).,,,,,,,,,,,,,,,,,,,,,,,,,,,,,,,,,,,,,,,,,,,,,,,,,,,,,,,,,,,,,,,,,,,,,,,,,,,,,,,,,,,,,,,,,,,,,,,,,,,,,,,,,,,,,,,,,,,,,,,,,,,,,,,,,,,,,,,,,,,,,,,,,,,,,,,,,,,,,,,,,,,,,,
Sex,"Area code 
[note 2]","Area of usual residence 
[note 2]","2021 
Number of deaths","2021 
Rate per 100,000 
[note 4]","2021 
LCL 
[note 6]","2021 
UCL 
[note 6]","2020 
Number of deaths","2020 
Rate per 100,000 
[note 4]","2020 
LCL 
[note 6]","2020 
UCL 
[note 6]","2019 
Number of deaths","2019 
Rate per 100,000 
[note 4]","2019 
LCL 
[note 6]","2019 
UCL 
[note 6]","2018 
Number of deaths","2018 
Rate per 100,000 
[note 4]","2018 
LCL 
[note 6]","2018 
UCL 
[note 6]","2017 
Number of deaths","2017 
Rate per 100,000 
[note 4]","2017 
LCL 
[note 6]","2017 
UCL 
[note 6]","2016 
Number of deaths","2016 
Rate per 100,000 
[note 4]","2016 
LCL 
[note 6]","2016 
UCL 
[note 6]","2015 
Number of deaths","2015 
Rate per 100,000 
[note 4]","2015 
LCL 
[note 6]","2015 
UCL 
[note 6]","2014 
Number of deaths","2014 
Rate per 100,000 
[note 4]","2014 
LCL 
[note 6]","2014 
UCL 
[note 6]","2013 
Number of deaths","2013 
Rate per 100,000 
[note 4]","2013 
LCL 
[note 6]","2013 
UCL 
[note 6]","2012 
Number of deaths","2012 
Rate per 100,000 
[note 4]","2012 
LCL 
[note 6]","2012 
UCL 
[note 6]","2011 
Number of deaths","2011 
Rate per 100,000 
[note 4]","2011 
LCL 
[note 6]","2011 
UCL 
[note 6]","2010 
Number of deaths","2010 
Rate per 100,000 
[note 4]","2010 
LCL 
[note 6]","2010 
UCL 
[note 6]","2009 
Number of deaths","2009 
Rate per 100,000 
[note 4]","2009 
LCL 
[note 6]","2009 
UCL 
[note 6]","2008 
Number of deaths","2008 
Rate per 100,000 
[note 4]","2008 
LCL 
[note 6]","2008 
UCL 
[note 6]","2007 
Number of deaths","2007 
Rate per 100,000 
[note 4]","2007 
LCL 
[note 6]","2007 
UCL 
[note 6]","2006 
Number of deaths","2006 
Rate per 100,000 
[note 4]","2006 
LCL 
[note 6]","2006 
UCL 
[note 6]","2005 
Number of deaths","2005 
Rate per 100,000 
[note 4]","2005 
LCL 
[note 6]","2005 
UCL 
[note 6]","2004 
Number of deaths","2004 
Rate per 100,000 
[note 4]","2004 
LCL 
[note 6]","2004 
UCL 
[note 6]","2003 
Number of deaths","2003 
Rate per 100,000 
[note 4]","2003 
LCL 
[note 6]","2003 
UCL 
[note 6]","2002 
Number of deaths","2002 
Rate per 100,000 
[note 4]","2002 
LCL 
[note 6]","2002 
UCL 
[note 6]","2001 
Number of deaths","2001 
Rate per 100,000 
[note 4]","2001 
LCL 
[note 6]","2001 
UCL 
[note 6]","2000 
Number of deaths","2000 
Rate per 100,000 
[note 4]","2000 
LCL 
[note 6]","2000 
UCL 
[note 6]","1999 
Number of deaths","1999 
Rate per 100,000 
[note 4]","1999 
LCL 
[note 6]","1999 
UCL 
[note 6]","1998 
Number of deaths","1998 
Rate per 100,000 
[note 4]","1998 
LCL 
[note 6]","1998 
UCL 
[note 6]","1997 
Number of deaths","1997 
Rate per 100,000 
[note 4]","1997 
LCL 
[note 6]","1997 
UCL 
[note 6]","1996 
Number of deaths","1996 
Rate per 100,000 
[note 4]","1996 
LCL 
[note 6]","1996 
UCL 
[note 6]","1995 
Number of deaths","1995 
Rate per 100,000 
[note 4]","1995 
LCL 
[note 6]","1995 
UCL 
[note 6]","1994 
Number of deaths","1994 
Rate per 100,000 
[note 4]","1994 
LCL 
[note 6]","1994 
UCL 
[note 6]","1993 
Number of deaths","1993 
Rate per 100,000 
[note 4]","1993 
LCL 
[note 6]","1993 
UCL 
[note 6]","1992 
Number of deaths","1992 
Rate per 100,000 
[note 4]","1992 
LCL 
[note 6]","1992 
UCL 
[note 6]","1991 
Number of deaths","1991 
Rate per 100,000 
[note 4]","1991 
LCL 
[note 6]","1991 
UCL 
[note 6]","1990 
Number of deaths","1990 
Rate per 100,000 
[note 4]","1990 
LCL 
[note 6]","1990 
UCL 
[note 6]","1989 
Number of deaths","1989 
Rate per 100,000 
[note 4]","1989 
LCL 
[note 6]","1989 
UCL 
[note 6]","1988 
Number of deaths","1988 
Rate per 100,000 
[note 4]","1988 
LCL 
[note 6]","1988 
UCL 
[note 6]","1987 
Number of deaths","1987 
Rate per 100,000 
[note 4]","1987 
LCL 
[note 6]","1987 
UCL 
[note 6]","1986 
Number of deaths","1986 
Rate per 100,000 
[note 4]","1986 
LCL 
[note 6]","1986 
UCL 
[note 6]","1985 
Number of deaths","1985 
Rate per 100,000 
[note 4]","1985 
LCL 
[note 6]","1985 
UCL 
[note 6]","1984 
Number of deaths","1984 
Rate per 100,000 
[note 4]","1984 
LCL 
[note 6]","1984 
UCL 
[note 6]","1983 
Number of deaths","1983 
Rate per 100,000 
[note 4]","1983 
LCL 
[note 6]","1983 
UCL 
[note 6]","1982 
Number of deaths","1982 
Rate per 100,000 
[note 4]","1982 
LCL 
[note 6]","1982 
UCL 
[note 6]","1981 
Number of deaths","1981 
Rate per 100,000 
[note 4]","1981 
LCL 
[note 6]","1981 
UCL 
[note 6]"
Persons,E12000001,North East,328,14.1,12.6,15.6,306,13.3,11.8,14.8,266,11.5,10.1,12.9,287,12.5,11.1,14.0,248,10.8,9.5,12.2,244,10.6,9.2,11.9,247,10.9,9.5,12.2,305,13.2,11.7,14.7,295,13.0,11.5,14.5,246,10.8,9.4,12.1,273,11.9,10.5,13.4,235,10.3,8.9,11.6,237,10.4,9.0,11.7,232,10.1,8.8,11.4,217,9.6,8.3,10.9,228,10.0,8.7,11.4,242,10.8,9.4,12.2,295,13.3,11.8,14.8,272,12.2,10.8,13.7,239,10.6,9.2,11.9,248,11.2,9.8,12.6,279,12.4,11.0,13.9,258,11.5,10.1,12.9,290,12.8,11.3,14.3,256,11.3,9.9,12.7,253,11.3,9.9,12.7,275,12.2,10.8,13.7,258,11.4,10.0,12.8,259,11.8,10.4,13.3,260,11.8,10.3,13.3,251,11.3,9.9,12.7,243,11.2,9.7,12.6,257,11.6,10.2,13.0,312,14.5,12.9,16.2,259,12.2,10.6,13.7,297,14.1,12.5,15.7,282,13.3,11.7,14.9,236,11.4,9.9,12.9,275,13.1,11.5,14.7,301,14.4,12.7,16.1,320,15.3,13.6,17.1
Persons,E12000002,North West,825,12.9,12.0,13.8,643,10.1,9.3,10.9,709,11.1,10.3,11.9,682,10.8,9.9,11.6,634,10.1,9.3,10.9,661,10.5,9.7,11.3,674,10.8,10.0,11.6,727,11.7,10.8,12.5,716,11.6,10.7,12.4,704,11.3,10.5,12.2,675,10.9,10.1,11.7,616,10.1,9.3,10.9,706,11.5,10.6,12.3,614,10.1,9.3,10.9,638,10.5,9.7,11.3,636,10.5,9.7,11.3,678,11.2,10.4,12.1,636,10.7,9.8,11.5,637,10.7,9.8,11.5,641,10.8,10.0,11.7,719,12.2,11.3,13.1,742,12.5,11.6,13.4,790,13.3,12.3,14.2,802,13.5,12.5,14.4,739,12.4,11.5,13.3,682,11.4,10.6,12.3,737,12.3,11.4,13.2,693,11.8,10.9,12.7,724,12.1,11.2,13.0,770,13.0,12.1,14.0,793,13.6,12.6,14.5,758,12.8,11.8,13.7,712,12.2,11.3,13.1,796,14.0,13.0,14.9,826,14.6,13.5,15.6,840,15.0,14.0,16.0,810,14.6,13.6,15.6,783,14.2,13.2,15.3,766,14.0,13.0,15.0,840,15.3,14.3,16.4,855,15.4,14.3,16.4
Persons,E12000003,Yorkshire and The Humber,589,12.3,11.3,13.3,550,11.5,10.5,12.5,660,13.8,12.8,14.9,577,12.2,11.2,13.2,462,9.9,9.0,10.8,469,9.9,9.0,10.8,544,11.6,10.6,12.5,451,9.7,8.8,10.6,502,10.9,9.9,11.8,482,10.4,9.5,11.4,464,10.0,9.1,10.9,380,8.3,7.4,9.1,401,8.8,7.9,9.7,454,10.0,9.0,10.9,425,9.3,8.5,10.2,403,9.0,8.1,9.9,482,10.8,9.8,11.7,472,10.7,9.8,11.7,423,9.6,8.7,10.5,455,10.4,9.4,11.3,444,10.2,9.3,11.2,456,10.6,9.7,11.6,508,11.7,10.7,12.8,542,12.5,11.5,13.6,475,10.9,9.9,11.9,477,11.0,10.0,12.0,525,12.2,11.1,13.2,495,11.6,10.6,12.7,482,11.3,10.3,12.3,545,12.9,11.8,14.0,513,12.0,11.0,13.1,520,12.3,11.2,13.4,512,12.3,11.3,13.4,604,14.9,13.7,16.1,588,14.9,13.7,16.1,613,15.4,14.1,16.6,632,16.1,14.8,17.4,556,13.9,12.8,15.1,561,14.4,13.2,15.7,589,15.1,13.8,16.3,528,13.6,12.4,14.8
Persons,E12000004,East Midlands,465,10.9,9.9,11.9,396,9.3,8.4,10.3,456,10.8,9.8,11.8,400,9.6,8.6,10.5,341,8.1,7.3,9.0,352,8.4,7.6,9.3,399,9.8,8.8,10.7,426,10.5,9.5,11.4,385,9.6,8.6,10.5,376,9.4,8.5,10.4,365,9.2,8.3,10.2,323,8.1,7.2,9.0,373,9.4,8.5,10.4,334,8.5,7.6,9.4,345,8.9,8.0,9.9,358,9.2,8.3,10.2,367,9.6,8.6,10.6,385,10.4,9.3,11.4,374,10.1,9.0,11.1,364,9.8,8.8,10.9,397,10.7,9.7,11.8,401,11.0,9.9,12.1,409,11.3,10.2,12.4,375,10.2,9.2,11.3,342,9.6,8.6,10.6,403,11.2,10.0,12.3,373,10.6,9.5,11.7,410,11.6,10.5,12.7,401,11.6,10.4,12.7,383,11.0,9.9,12.1,422,12.3,11.1,13.5,433,12.6,11.4,13.8,419,12.4,11.2,13.6,436,13.2,11.9,14.5,411,12.8,11.5,14.1,355,10.9,9.7,12.0,415,13.1,11.8,14.4,430,13.8,12.4,15.1,385,12.6,11.3,13.9,341,11.6,10.3,12.8,360,11.6,10.4,12.8
Persons,E12000005,West Midlands,565,11.0,10.1,11.9,546,10.7,9.8,11.6,534,10.5,9.6,11.4,514,10.2,9.3,11.1,500,9.9,9.0,10.8,446,8.9,8.1,9.7,477,9.6,8.7,10.5,571,11.6,10.7,12.6,477,9.8,8.9,10.6,453,9.2,8.4,10.1,433,8.9,8.1,9.8,450,9.4,8.5,10.3,447,9.3,8.4,10.2,466,9.7,8.8,10.6,364,7.6,6.9,8.4,411,8.8,7.9,9.6,426,9.2,8.3,10.1,454,9.8,8.9,10.7,466,10.1,9.1,11.0,465,10.0,9.1,10.9,520,11.4,10.4,12.4,543,11.9,10.9,12.9,546,12.2,11.1,13.2,474,10.3,9.4,11.2,423,9.3,8.4,10.2,447,9.9,8.9,10.8,461,10.2,9.3,11.2,482,10.7,9.7,11.6,542,12.2,11.1,13.2,507,11.3,10.3,12.3,486,11.0,10.0,12.0,537,12.1,11.1,13.2,535,12.3,11.3,13.4,573,13.2,12.1,14.3,474,11.0,10.0,12.0,520,12.4,11.3,13.5,565,13.5,12.4,14.7,496,12.0,10.9,13.1,526,13.0,11.8,14.1,497,12.3,11.2,13.4,504,12.5,11.4,13.7
Persons,E12000006,East,449,8.2,7.4,9.0,518,9.5,8.7,10.3,626,11.6,10.7,12.5,614,11.3,10.4,12.2,468,8.7,7.9,9.5,526,9.8,9.0,10.7,494,9.3,8.5,10.1,520,9.8,9.0,10.7,456,8.8,8.0,9.6,440,8.4,7.7,9.2,483,9.4,8.6,10.2,445,8.8,7.9,9.6,423,8.3,7.5,9.1,489,9.8,8.9,10.6,423,8.5,7.7,9.3,424,8.7,7.9,9.5,448,9.2,8.3,10.0,453,9.4,8.5,10.3,450,9.4,8.6,10.3,468,9.9,9.0,10.8,438,9.4,8.5,10.3,435,9.4,8.5,10.3,445,9.6,8.7,10.5,484,10.5,9.5,11.4,416,9.2,8.3,10.1,469,10.3,9.4,11.3,461,10.3,9.4,11.3,463,10.4,9.5,11.4,486,11.0,10.0,12.0,489,11.2,10.2,12.2,566,13.0,11.9,14.1,547,12.7,11.6,13.8,520,12.0,11.0,13.1,569,13.5,12.4,14.6,532,12.7,11.6,13.8,558,13.7,12.6,14.9,564,14.1,12.9,15.3,492,12.5,11.4,13.6,494,12.7,11.6,13.9,506,13.3,12.1,14.5,517,13.6,12.4,14.8
Persons,E12000007,London,520,6.6,6.0,7.2,543,7.0,6.4,7.7,616,8.1,7.5,8.8,661,8.8,8.1,9.5,568,7.7,7.1,8.4,580,7.8,7.1,8.5,735,10.4,9.6,11.2,552,7.8,7.1,8.5,516,7.4,6.8,8.1,577,8.3,7.6,9.0,585,8.4,7.7,9.1,574,8.4,7.7,9.2,570,8.4,7.7,9.2,591,8.7,7.9,9.4,549,8.4,7.6,9.1,588,9.3,8.5,10.1,620,9.9,9.0,10.7,627,9.9,9.1,10.7,658,10.3,9.5,11.2,629,9.9,9.1,10.7,629,10.2,9.3,11.0,622,10.1,9.2,10.9,682,11.0,10.2,11.9,781,12.5,11.6,13.4,666,11.1,10.2,12.0,630,10.4,9.6,11.3,670,11.1,10.2,12.0,705,11.9,11.0,12.9,725,12.3,11.3,13.2,722,12.3,11.3,13.2,735,12.6,11.7,13.6,756,13.1,12.1,14.1,774,13.5,12.5,14.5,852,15.1,14.1,16.2,800,13.9,12.9,14.9,786,13.9,12.9,14.9,837,14.8,13.8,15.9,862,15.5,14.5,16.6,891,16.0,14.9,17.1,878,15.6,14.6,16.7,985,17.4,16.2,18.5
Persons,E12000008,South East,848,10.5,9.8,11.2,851,10.6,9.9,11.3,859,10.8,10.0,11.5,720,9.0,8.3,9.7,720,9.1,8.4,9.7,754,9.6,8.9,10.2,756,9.7,9.0,10.3,794,10.2,9.5,10.9,820,10.7,10.0,11.4,716,9.3,8.6,10.0,724,9.6,8.9,10.3,683,9.1,8.4,9.8,721,9.7,9.0,10.5,666,9.1,8.4,9.8,622,8.4,7.8,9.1,671,9.3,8.6,10.0,694,9.7,9.0,10.4,701,9.8,9.1,10.5,698,9.9,9.1,10.6,723,10.4,9.6,11.1,698,10.0,9.2,10.7,738,10.6,9.8,11.3,725,10.5,9.7,11.2,765,11.0,10.2,11.8,733,10.8,10.0,11.6,732,10.8,10.0,11.5,750,11.2,10.4,12.1,754,11.4,10.5,12.2,779,11.9,11.0,12.7,860,13.1,12.2,14.0,817,12.4,11.5,13.2,823,12.7,11.8,13.6,772,12.1,11.3,13.0,866,13.6,12.7,14.5,748,11.9,11.0,12.7,800,13.0,12.1,13.9,881,14.6,13.6,15.5,836,14.0,13.0,15.0,795,13.4,12.5,14.4,804,13.8,12.8,14.7,817,14.2,13.2,15.2
Persons,E12000009,South West,630,12.7,11.7,13.7,559,11.2,10.3,12.2,590,12.0,11.0,13.0,566,11.5,10.6,12.5,510,10.5,9.6,11.4,543,11.2,10.3,12.2,494,10.2,9.3,11.1,536,11.1,10.2,12.1,560,11.7,10.8,12.7,519,11.0,10.1,12.0,516,11.0,10.1,12.0,496,10.7,9.8,11.7,514,11.2,10.2,12.1,442,9.6,8.7,10.5,416,9.1,8.2,9.9,459,10.2,9.2,11.1,453,10.1,9.1,11.0,490,11.0,10.0,12.0,452,10.2,9.3,11.2,452,10.3,9.4,11.3,464,10.6,9.7,11.6,510,11.8,10.8,12.8,510,11.9,10.9,12.9,479,11.3,10.3,12.3,450,10.5,9.6,11.5,501,11.9,10.8,12.9,512,12.2,11.1,13.3,462,11.0,10.0,12.1,456,11.1,10.1,12.1,553,13.5,12.3,14.6,529,13.0,11.9,14.1,576,14.2,13.1,15.4,509,12.7,11.6,13.8,563,14.1,12.9,15.3,548,14.1,12.9,15.3,556,14.4,13.2,15.6,544,14.4,13.2,15.6,569,15.3,14.0,16.5,483,13.2,12.0,14.4,491,13.6,12.4,14.8,558,15.6,14.3,16.9
Males,E12000001,North East,252,22.2,19.4,24.9,239,21.1,18.4,23.8,218,19.1,16.5,21.6,226,20.4,17.7,23.1,198,17.8,15.3,20.3,179,15.9,13.5,18.2,185,16.8,14.4,19.3,242,21.4,18.7,24.2,229,20.8,18.0,23.5,198,17.7,15.3,20.2,218,19.6,17.0,22.3,172,15.5,13.2,17.8,194,17.6,15.1,20.1,180,16.3,13.8,18.8,170,15.7,13.3,18.1,177,16.5,14.0,19.0,175,16.5,14.0,19.1,213,20.3,17.4,23.1,214,20.6,17.6,23.5,188,17.5,14.9,20.1,193,18.3,15.6,21.0,218,20.0,17.3,22.7,197,18.6,15.9,21.2,220,20.3,17.5,23.0,194,17.9,15.3,20.5,205,19.6,16.7,22.4,214,19.9,17.1,22.7,185,17.6,14.8,20.4,195,19.4,16.4,22.3,177,16.9,14.3,19.6,190,18.3,15.5,21.2,171,16.3,13.7,18.8,184,17.3,14.7,19.8,214,21.7,18.5,24.9,169,17.8,14.6,20.9,220,22.6,19.4,25.8,181,18.5,15.4,21.6,156,16.1,13.3,19.0,181,18.5,15.6,21.5,209,21.0,18.0,24.0,204,21.5,18.1,24.8
Males,E12000002,North West,620,19.7,18.2,21.3,485,15.5,14.1,16.9,540,17.3,15.8,18.7,529,17.0,15.5,18.5,480,15.6,14.2,17.0,498,16.2,14.8,17.6,498,16.4,14.9,17.8,542,17.7,16.2,19.1,568,18.8,17.3,20.4,552,18.2,16.7,19.7,527,17.4,15.9,18.9,479,16.1,14.7,17.6,538,18.1,16.5,19.6,479,16.0,14.6,17.5,499,16.8,15.3,18.2,491,16.7,15.1,18.2,522,17.9,16.3,19.5,480,16.6,15.1,18.1,464,16.1,14.6,17.6,467,16.3,14.8,17.8,537,18.9,17.3,20.6,562,19.7,18.0,21.4,600,20.8,19.1,22.6,615,21.4,19.7,23.2,542,18.8,17.1,20.4,520,18.1,16.5,19.7,554,19.1,17.4,20.7,513,18.1,16.4,19.7,545,18.7,17.1,20.4,578,20.4,18.7,22.1,571,20.3,18.5,22.1,563,19.3,17.7,21.0,503,17.9,16.3,19.6,534,19.8,18.0,21.6,576,21.7,19.8,23.7,540,20.6,18.8,22.5,541,21.2,19.2,23.1,487,19.1,17.3,21.0,484,19.4,17.4,21.3,508,20.2,18.3,22.2,510,19.5,17.7,21.3
Males,E12000003,Yorkshire and The Humber,419,17.8,16.0,19.5,422,18.0,16.3,19.7,482,20.6,18.8,22.5,440,19.0,17.2,20.8,353,15.3,13.7,16.9,369,15.8,14.2,17.4,412,17.9,16.2,19.7,354,15.6,14.0,17.3,407,17.9,16.2,19.7,382,16.9,15.2,18.6,360,15.9,14.3,17.6,286,12.6,11.1,14.1,321,14.4,12.8,16.1,354,16.1,14.4,17.8,335,15.1,13.5,16.8,312,14.5,12.9,16.2,354,16.2,14.5,17.9,351,16.9,15.0,18.7,319,14.8,13.2,16.5,346,16.3,14.6,18.0,337,16.1,14.4,17.9,334,16.1,14.3,17.9,399,19.1,17.2,21.0,422,20.0,18.0,21.9,370,17.8,15.9,19.7,351,16.8,15.0,18.7,389,18.4,16.5,20.3,374,18.8,16.7,20.8,359,17.3,15.4,19.2,403,20.1,18.0,22.2,377,18.3,16.3,20.3,375,18.6,16.6,20.7,371,19.1,16.9,21.2,431,23.5,21.0,25.9,406,22.0,19.7,24.4,399,21.3,19.1,23.6,401,21.2,19.0,23.4,367,19.7,17.5,21.9,364,20.3,18.0,22.6,356,19.3,17.1,21.5,325,18.2,15.9,20.4
Males,E12000004,East Midlands,360,17.2,15.4,19.0,311,15.0,13.3,16.7,345,16.7,14.9,18.5,300,14.8,13.1,16.4,254,12.4,10.9,13.9,276,13.6,12.0,15.2,305,15.3,13.6,17.0,324,16.3,14.5,18.1,308,15.7,13.9,17.5,304,15.6,13.8,17.4,281,14.5,12.8,16.2,239,12.4,10.8,14.0,270,13.9,12.3,15.6,250,12.9,11.3,14.5,271,14.5,12.7,16.2,263,14.0,12.3,15.8,282,15.0,13.3,16.8,281,15.9,14.0,17.8,283,15.9,14.0,17.8,273,15.0,13.2,16.9,305,16.9,15.0,18.9,310,17.6,15.6,19.6,311,17.8,15.8,19.8,298,16.5,14.6,18.4,258,15.0,13.1,16.9,301,17.4,15.4,19.5,275,16.0,14.1,18.0,315,18.7,16.5,20.9,312,19.2,16.9,21.4,301,18.0,15.9,20.2,323,19.8,17.5,22.1,323,19.0,16.8,21.2,302,18.4,16.2,20.7,323,20.6,18.1,23.0,300,19.9,17.4,22.3,239,15.0,13.0,16.9,278,18.0,15.7,20.2,276,18.0,15.7,20.2,259,17.4,15.1,19.7,216,15.2,13.0,17.4,224,14.8,12.8,16.9
Males,E12000005,West Midlands,420,16.6,15.0,18.2,411,16.4,14.8,18.1,411,16.4,14.8,18.0,387,15.7,14.1,17.3,382,15.4,13.8,16.9,340,13.9,12.4,15.4,373,15.2,13.7,16.8,446,18.5,16.8,20.3,386,16.2,14.6,17.9,357,14.8,13.3,16.4,325,13.8,12.3,15.4,334,14.3,12.8,15.9,337,14.3,12.8,15.8,365,15.7,14.1,17.3,275,11.7,10.3,13.1,310,13.6,12.1,15.2,307,13.7,12.2,15.3,333,15.0,13.3,16.6,355,15.7,14.1,17.4,369,16.3,14.6,18.0,401,18.3,16.5,20.2,407,18.8,16.9,20.7,412,19.0,17.1,20.9,372,16.6,14.9,18.4,322,14.6,12.9,16.3,335,15.1,13.4,16.8,351,16.2,14.4,17.9,364,16.6,14.8,18.4,415,19.5,17.5,21.5,376,17.4,15.6,19.3,359,17.0,15.1,18.9,389,18.2,16.3,20.2,370,18.0,16.0,20.0,421,20.2,18.1,22.2,326,15.6,13.8,17.3,360,17.3,15.5,19.2,365,18.2,16.2,20.2,331,16.9,14.9,18.9,346,17.6,15.6,19.6,326,17.4,15.2,19.6,330,17.2,15.1,19.3
Males,E12000006,East,335,12.5,11.2,13.9,384,14.5,13.0,15.9,462,17.5,15.9,19.0,465,17.6,16.0,19.2,346,13.2,11.8,14.6,395,15.2,13.7,16.7,374,14.5,13.0,16.0,390,15.2,13.7,16.7,353,14.0,12.5,15.5,330,13.0,11.6,14.4,364,14.5,13.0,16.0,352,14.3,12.8,15.8,321,13.1,11.7,14.6,365,14.9,13.4,16.5,319,13.3,11.8,14.8,311,13.2,11.7,14.7,335,14.4,12.8,16.0,320,13.7,12.2,15.2,331,14.2,12.7,15.8,360,15.8,14.2,17.5,317,14.1,12.5,15.7,320,14.5,12.8,16.1,351,15.9,14.2,17.6,365,16.4,14.6,18.1,307,14.1,12.5,15.7,355,16.2,14.5,18.0,356,16.8,15.0,18.7,351,16.7,14.9,18.5,361,16.8,14.9,18.6,374,17.7,15.8,19.6,433,20.9,18.8,22.9,417,20.4,18.3,22.5,379,18.2,16.3,20.2,419,20.6,18.5,22.7,358,17.9,16.0,19.9,387,20.0,17.9,22.1,384,19.9,17.7,22.0,316,16.8,14.8,18.8,322,17.3,15.3,19.3,312,17.3,15.2,19.4,328,17.5,15.6,19.5
Males,E12000007,London,382,9.9,8.8,10.9,412,10.8,9.7,11.9,437,11.8,10.7,13.0,503,13.8,12.5,15.0,419,11.6,10.4,12.8,447,12.0,10.8,13.2,543,15.9,14.5,17.3,424,12.4,11.2,13.7,395,11.7,10.5,12.9,435,12.7,11.4,14.0,427,12.4,11.1,13.6,434,13.4,12.0,14.8,431,12.9,11.6,14.3,444,13.3,12.0,14.7,410,12.8,11.5,14.2,437,14.5,13.0,16.0,450,14.8,13.4,16.3,460,15.0,13.5,16.5,466,14.7,13.3,16.2,460,14.7,13.2,16.1,453,15.4,13.9,17.0,450,14.8,13.3,16.3,481,16.2,14.7,17.8,567,18.6,17.0,20.3,483,16.7,15.1,18.3,461,16.1,14.5,17.7,498,17.2,15.5,18.8,522,19.0,17.2,20.9,490,17.5,15.8,19.2,507,17.7,16.0,19.4,522,18.8,17.0,20.5,529,19.6,17.8,21.4,548,20.3,18.4,22.2,574,21.6,19.6,23.5,546,19.8,18.0,21.6,523,20.0,18.2,21.9,531,19.8,18.0,21.6,542,20.2,18.4,22.0,561,21.4,19.5,23.4,532,20.3,18.4,22.2,607,22.4,20.5,24.3
Males,E12000008,South East,610,15.4,14.2,16.6,609,15.6,14.4,16.9,657,16.8,15.5,18.1,526,13.5,12.3,14.7,524,13.6,12.4,14.7,556,14.5,13.3,15.7,563,14.8,13.6,16.1,604,15.9,14.6,17.2,627,16.9,15.5,18.2,538,14.4,13.1,15.6,526,14.5,13.2,15.7,501,13.8,12.6,15.0,530,14.7,13.4,15.9,498,14.0,12.8,15.3,464,13.0,11.8,14.2,484,13.8,12.6,15.1,492,14.4,13.1,15.7,512,14.7,13.4,16.0,529,15.6,14.2,16.9,515,15.4,14.0,16.7,520,15.4,14.1,16.8,529,15.9,14.5,17.3,555,16.9,15.4,18.3,572,17.0,15.5,18.4,517,15.9,14.5,17.4,521,16.0,14.5,17.4,548,17.2,15.7,18.7,549,17.3,15.8,18.8,554,17.5,15.9,19.0,637,20.3,18.7,22.0,600,18.8,17.3,20.4,597,19.2,17.6,20.8,538,18.0,16.4,19.6,585,19.2,17.6,20.9,512,17.1,15.5,18.7,546,19.0,17.3,20.7,565,19.9,18.2,21.7,553,19.5,17.8,21.2,470,16.9,15.3,18.5,520,19.2,17.4,21.0,494,18.2,16.5,19.9
Males,E12000009,South West,454,18.6,16.9,20.3,409,16.9,15.3,18.6,465,19.4,17.6,21.2,424,17.7,16.0,19.4,372,15.7,14.1,17.3,404,17.1,15.4,18.8,347,14.7,13.2,16.3,375,16.0,14.4,17.6,415,17.9,16.1,19.6,392,17.2,15.4,18.9,392,17.2,15.5,18.9,369,16.6,14.9,18.3,389,17.4,15.7,19.1,330,14.9,13.3,16.5,305,13.8,12.2,15.3,348,16.0,14.3,17.7,335,15.6,13.9,17.2,347,16.5,14.7,18.3,337,16.2,14.5,18.0,318,15.0,13.4,16.7,361,17.2,15.4,19.0,368,17.6,15.8,19.4,366,17.8,16.0,19.6,347,17.0,15.2,18.8,336,16.6,14.8,18.4,365,18.4,16.5,20.3,374,18.7,16.8,20.6,340,16.8,15.0,18.6,332,17.1,15.2,18.9,404,20.6,18.6,22.7,405,20.5,18.5,22.5,423,22.5,20.3,24.7,364,19.3,17.2,21.3,396,21.2,19.0,23.4,362,20.0,17.9,22.2,347,19.4,17.3,21.5,345,19.2,17.1,21.3,365,21.1,18.8,23.3,304,17.9,15.8,20.0,295,17.8,15.6,19.9,357,22.3,19.8,24.8
Females,E12000001,North East,76,6.4,5.1,8.0,67,5.8,4.5,7.3,48,4.1,3.0,5.5,61,5.2,4.0,6.7,50,4.1,3.1,5.5,65,5.5,4.3,7.1,62,5.3,4.0,6.8,63,5.4,4.1,6.9,66,5.5,4.3,7.0,48,4.0,3.0,5.4,55,4.6,3.5,6.0,63,5.4,4.1,6.9,43,3.7,2.6,4.9,52,4.4,3.3,5.8,47,4.0,3.0,5.4,51,4.4,3.3,5.8,67,5.8,4.5,7.4,82,7.2,5.7,9.0,58,5.0,3.8,6.5,51,4.4,3.3,5.8,55,4.8,3.6,6.3,61,5.4,4.1,6.9,61,5.3,4.0,6.8,70,6.1,4.7,7.7,62,5.4,4.1,6.9,48,4.2,3.1,5.6,61,5.3,4.0,6.8,73,6.4,5.0,8.0,64,5.6,4.3,7.2,83,7.4,5.9,9.2,61,5.5,4.2,7.0,72,6.4,5.0,8.1,73,6.5,5.0,8.1,98,8.7,7.0,10.6,90,8.3,6.6,10.2,77,7.0,5.5,8.8,101,9.2,7.4,11.0,80,7.5,5.9,9.4,94,8.5,6.8,10.4,92,8.5,6.9,10.5,116,10.7,8.7,12.6
Females,E12000002,North West,205,6.3,5.5,7.2,158,4.9,4.1,5.6,169,5.2,4.4,6.0,153,4.8,4.0,5.5,154,4.8,4.0,5.5,163,5.0,4.3,5.8,176,5.5,4.7,6.3,185,5.8,5.0,6.7,148,4.7,4.0,5.5,152,4.8,4.0,5.6,148,4.6,3.9,5.4,137,4.4,3.7,5.2,168,5.4,4.5,6.2,135,4.4,3.6,5.1,139,4.5,3.8,5.3,145,4.7,4.0,5.5,156,5.1,4.3,5.9,156,5.2,4.4,6.0,173,5.7,4.8,6.5,174,5.7,4.9,6.6,182,6.1,5.2,6.9,180,6.0,5.1,6.8,190,6.3,5.4,7.2,187,6.2,5.3,7.1,197,6.6,5.7,7.5,162,5.3,4.5,6.2,183,6.1,5.2,7.0,180,6.1,5.2,7.0,179,5.9,5.0,6.8,192,6.3,5.4,7.2,222,7.6,6.6,8.6,195,6.5,5.6,7.4,209,7.0,6.0,8.0,262,9.0,7.9,10.2,250,8.6,7.5,9.7,300,10.4,9.2,11.6,269,9.4,8.2,10.5,296,10.2,9.0,11.4,282,9.8,8.6,10.9,332,11.5,10.2,12.7,345,11.7,10.5,13.0
Females,E12000003,Yorkshire and The Humber,170,7.0,6.0,8.1,128,5.3,4.3,6.2,178,7.3,6.2,8.4,137,5.7,4.7,6.7,109,4.6,3.7,5.5,100,4.2,3.3,5.0,132,5.6,4.6,6.5,97,4.1,3.3,5.0,95,4.1,3.3,5.0,100,4.2,3.4,5.1,104,4.4,3.6,5.3,94,4.0,3.3,5.0,80,3.5,2.8,4.4,100,4.3,3.5,5.2,90,3.9,3.1,4.8,91,4.0,3.2,4.9,128,5.6,4.6,6.6,121,5.4,4.4,6.3,104,4.7,3.8,5.6,109,4.8,3.9,5.7,107,4.9,4.0,5.8,122,5.6,4.6,6.7,109,5.0,4.0,5.9,120,5.4,4.5,6.4,105,4.8,3.9,5.7,126,5.7,4.7,6.7,136,6.2,5.2,7.3,121,5.5,4.5,6.5,123,5.8,4.7,6.8,142,6.6,5.5,7.7,136,6.4,5.3,7.5,145,6.7,5.6,7.8,141,6.8,5.6,7.9,173,8.2,7.0,9.4,182,8.8,7.5,10.1,214,10.2,8.8,11.6,231,11.4,9.9,12.9,189,9.1,7.8,10.4,197,9.7,8.3,11.1,233,11.4,9.9,12.9,203,10.0,8.6,11.4
Females,E12000004,East Midlands,105,4.8,3.9,5.7,85,3.9,3.1,4.9,111,5.2,4.2,6.2,100,4.7,3.8,5.6,87,4.1,3.2,5.0,76,3.6,2.8,4.5,94,4.5,3.6,5.5,102,4.9,4.0,5.9,77,3.8,3.0,4.7,72,3.5,2.8,4.5,84,4.1,3.3,5.1,84,4.1,3.3,5.1,103,5.1,4.1,6.1,84,4.3,3.4,5.3,74,3.8,3.0,4.8,95,4.8,3.9,5.9,85,4.4,3.5,5.4,104,5.4,4.4,6.5,91,4.8,3.8,5.9,91,4.8,3.9,5.9,92,4.9,3.9,6.0,91,4.9,4.0,6.0,98,5.3,4.3,6.5,77,4.2,3.3,5.3,84,4.7,3.7,5.8,102,5.5,4.5,6.6,98,5.6,4.5,6.8,95,5.3,4.3,6.5,89,5.1,4.1,6.3,82,4.6,3.7,5.8,99,5.7,4.6,7.0,110,6.6,5.4,7.9,117,7.0,5.7,8.3,113,6.9,5.6,8.2,111,6.9,5.6,8.2,116,7.0,5.7,8.3,137,8.7,7.3,10.2,154,9.8,8.2,11.3,126,8.1,6.7,9.5,125,8.2,6.7,9.6,136,8.6,7.1,10.0
Females,E12000005,West Midlands,145,5.6,4.6,6.5,135,5.2,4.3,6.0,123,4.8,3.9,5.6,127,4.9,4.1,5.8,118,4.6,3.7,5.4,106,4.1,3.4,4.9,104,4.1,3.3,4.9,125,5.0,4.1,5.9,91,3.6,2.9,4.5,96,3.8,3.1,4.7,108,4.4,3.5,5.2,116,4.7,3.8,5.5,110,4.4,3.6,5.3,101,4.2,3.3,5.0,89,3.7,3.0,4.6,101,4.3,3.4,5.1,119,5.0,4.1,6.0,121,5.1,4.2,6.0,111,4.7,3.8,5.5,96,4.1,3.3,5.0,119,5.1,4.2,6.0,136,5.9,4.9,6.8,134,5.9,4.9,6.9,102,4.3,3.5,5.1,101,4.4,3.5,5.3,112,5.0,4.1,5.9,110,4.8,3.9,5.8,118,5.1,4.2,6.0,127,5.6,4.6,6.6,131,5.8,4.8,6.9,127,5.7,4.7,6.7,148,6.7,5.6,7.8,165,7.5,6.3,8.6,152,6.8,5.7,7.9,148,6.9,5.7,8.0,160,7.6,6.4,8.8,200,9.4,8.1,10.7,165,7.8,6.6,9.0,180,8.7,7.4,10.0,171,8.2,7.0,9.4,174,8.4,7.2,9.7
Females,E12000006,East,114,4.1,3.3,4.9,134,4.9,4.0,5.7,164,5.9,5.0,6.9,149,5.4,4.5,6.3,122,4.5,3.7,5.3,131,4.8,4.0,5.6,120,4.4,3.6,5.2,130,4.8,4.0,5.7,103,3.9,3.1,4.6,110,4.1,3.3,4.8,119,4.5,3.7,5.3,93,3.6,2.9,4.4,102,3.9,3.1,4.7,124,4.9,4.0,5.7,104,4.0,3.3,4.8,113,4.5,3.7,5.3,113,4.6,3.7,5.4,133,5.3,4.4,6.3,119,4.8,4.0,5.7,108,4.5,3.7,5.4,121,5.0,4.1,5.9,115,4.8,3.9,5.7,94,4.0,3.2,4.9,119,5.1,4.2,6.1,109,4.8,3.9,5.7,114,4.9,4.0,5.8,105,4.6,3.7,5.5,112,4.8,3.9,5.7,125,5.7,4.7,6.7,115,5.3,4.3,6.3,133,6.0,5.0,7.0,130,5.9,4.9,6.9,141,6.4,5.4,7.5,150,7.2,6.0,8.3,174,8.1,6.9,9.3,171,8.4,7.1,9.6,180,9.0,7.7,10.3,176,8.8,7.5,10.2,172,8.7,7.4,10.0,194,9.8,8.4,11.2,189,9.7,8.3,11.1
Females,E12000007,London,138,3.4,2.8,4.0,131,3.4,2.8,4.0,179,4.6,3.9,5.3,158,4.1,3.5,4.8,149,4.0,3.4,4.7,133,3.7,3.1,4.4,192,5.4,4.6,6.2,128,3.5,2.9,4.2,121,3.5,2.8,4.1,142,4.1,3.4,4.8,158,4.7,3.9,5.4,140,3.9,3.3,4.6,139,4.2,3.5,4.9,147,4.2,3.5,5.0,139,4.2,3.5,5.0,151,4.6,3.8,5.4,170,5.3,4.5,6.1,167,5.2,4.4,6.1,192,6.1,5.2,7.0,169,5.4,4.6,6.3,176,5.5,4.7,6.4,172,5.8,4.9,6.7,201,6.4,5.4,7.3,214,6.9,5.9,7.9,183,6.0,5.1,6.9,169,5.4,4.6,6.3,172,5.7,4.8,6.6,183,6.1,5.2,7.0,235,7.6,6.6,8.6,215,7.4,6.4,8.5,213,7.2,6.2,8.2,227,7.7,6.6,8.7,226,7.7,6.7,8.7,278,9.8,8.6,10.9,254,8.7,7.6,9.8,263,9.0,7.9,10.2,306,10.5,9.3,11.7,320,11.2,9.9,12.4,330,11.4,10.2,12.7,346,11.7,10.4,12.9,378,12.8,11.5,14.1
Females,E12000008,South East,238,5.8,5.1,6.5,242,5.9,5.2,6.6,202,4.9,4.3,5.6,194,4.7,4.0,5.4,196,4.8,4.1,5.5,198,4.9,4.2,5.6,193,4.8,4.1,5.4,190,4.7,4.1,5.4,193,4.9,4.2,5.6,178,4.5,3.8,5.2,198,5.1,4.4,5.8,182,4.7,4.0,5.4,191,5.0,4.3,5.7,168,4.4,3.8,5.1,158,4.2,3.5,4.9,187,5.1,4.3,5.8,202,5.5,4.7,6.2,189,5.1,4.4,5.9,169,4.6,3.9,5.3,208,5.8,5.0,6.5,178,5.0,4.2,5.7,209,5.8,5.0,6.6,170,4.8,4.1,5.5,193,5.5,4.7,6.3,216,6.3,5.4,7.1,211,6.1,5.2,6.9,202,5.9,5.1,6.8,205,6.0,5.1,6.8,225,6.7,5.9,7.6,223,6.6,5.8,7.5,217,6.5,5.6,7.4,226,6.8,5.9,7.7,234,7.1,6.1,8.0,281,8.6,7.5,9.6,236,7.2,6.3,8.2,254,8.0,7.0,9.0,316,9.9,8.8,11.0,283,9.1,8.0,10.2,325,10.5,9.3,11.6,284,9.4,8.3,10.4,323,10.7,9.6,11.9
Females,E12000009,South West,176,7.1,6.0,8.1,150,5.8,4.9,6.7,125,4.9,4.0,5.7,142,5.7,4.7,6.6,138,5.6,4.6,6.5,139,5.6,4.6,6.5,147,5.7,4.8,6.7,161,6.5,5.5,7.5,145,5.9,4.9,6.9,127,5.3,4.4,6.2,124,5.2,4.3,6.1,127,5.4,4.4,6.3,125,5.3,4.3,6.2,112,4.8,3.9,5.7,111,4.7,3.8,5.5,111,4.7,3.8,5.6,118,5.0,4.1,6.0,143,6.0,5.0,7.0,115,5.0,4.1,5.9,134,5.9,4.9,6.9,103,4.5,3.6,5.4,142,6.3,5.3,7.3,144,6.4,5.3,7.5,132,6.0,5.0,7.0,114,5.1,4.2,6.0,136,6.1,5.1,7.2,138,6.2,5.2,7.3,122,5.7,4.7,6.7,124,5.7,4.7,6.8,149,6.9,5.8,8.1,124,6.0,4.9,7.0,153,7.3,6.2,8.5,145,6.9,5.8,8.1,167,8.0,6.8,9.3,186,9.0,7.7,10.4,209,10.3,8.8,11.7,199,10.0,8.6,11.5,204,10.2,8.8,11.6,179,9.1,7.7,10.4,196,10.1,8.7,11.6,201,10.5,9.0,11.9
