Claimant Count - seasonally adjusted,,,,,,,,,,,,,,,,,,,,
ONS Crown Copyright Reserved [from Nomis on 10 July 2023],,,,,,,,,,,,,,,,,,,,
Analysis   :,standard,,,,,,,,,,,,,,,,,,,
Sex        :,Male,,,,,,,,,,,,,,,,,,,
Rate       :,Workplace-based estimates,,,,,,,,,,,,,,,,,,,
,,,,,,,,,,,,,,,,,,,,
Date,East,rate,East Midlands,rate,London,rate,North East,rate,North West,rate,South East,rate,South West,rate,Wales,rate,West Midlands,rate,Yorkshire and The Humber,rate
,,,,,,,,,,,,,,,,,,,,
Jan-91,84000,5.8,83900,7.3,188300,7.6,90800,13.3,199500,10.2,114400,5.3,90700,6.6,74000,9.9,127700,8.2,134900,9.6
Feb-91,91600,6.3,89100,7.7,198900,8,93100,13.6,206600,10.6,125100,5.8,98500,7.2,78200,10.5,135400,8.7,140100,10
Mar-91,100800,7,96100,8.3,215200,8.6,95400,14,214600,11,139700,6.5,107100,7.8,82600,11.1,146500,9.4,146200,10.4
Apr-91,103800,7.2,99000,8.6,221900,8.9,98400,14.4,219000,11.2,145300,6.7,110200,8.1,85300,11.4,153100,9.8,151700,10.8
May-91,109100,7.5,102300,8.9,231700,9.3,99200,14.5,224300,11.5,152900,7.1,115000,8.4,87100,11.7,158800,10.2,155700,11.1
Jun-91,114700,7.9,106100,9.2,242700,9.8,100300,14.7,230100,11.8,161900,7.5,120300,8.8,89000,11.9,164900,10.6,159600,11.4
Jul-91,119900,8.3,109900,9.5,252800,10.2,101900,14.9,235300,12.1,170000,7.9,125100,9.1,90800,12.1,170900,10.9,163700,11.7
Aug-91,123900,8.6,112900,9.8,260400,10.5,103100,15.1,239900,12.3,175800,8.1,128600,9.4,92200,12.3,174900,11.2,166800,11.9
Sep-91,127600,8.8,114800,10,267100,10.7,104000,15.2,243200,12.5,180800,8.3,132200,9.7,93300,12.5,179200,11.5,168800,12
Oct-91,130300,9,117200,10.2,273100,11,104200,15.2,246400,12.7,185500,8.6,135400,9.9,94100,12.6,182700,11.7,170000,12.1
Nov-91,133500,9.2,119500,10.4,279400,11.2,104000,15.2,249100,12.8,190600,8.8,138500,10.1,94900,12.7,186200,11.9,171000,12.2
Dec-91,135700,9.4,121300,10.5,285000,11.5,104800,15.3,251600,12.9,195200,9,141100,10.3,95300,12.8,189200,12.1,171700,12.2
Jan-92,138700,9.6,122000,10.7,289800,11.7,105200,15.3,252600,13.1,199500,9.3,143400,10.8,95600,12.8,191100,12.2,172600,12.4
Feb-92,143200,9.9,125300,10.9,296600,12,106000,15.4,255500,13.3,205700,9.6,146700,11.1,96600,12.9,195200,12.4,175000,12.6
Mar-92,145900,10.1,126700,11.1,301300,12.2,106400,15.5,257100,13.4,210600,9.8,149000,11.2,96900,12.9,196900,12.6,176100,12.7
Apr-92,148700,10.3,128600,11.2,306200,12.4,107400,15.6,259300,13.5,215600,10,152000,11.5,97500,13,199100,12.7,177200,12.7
May-92,152000,10.5,130400,11.4,311900,12.6,107200,15.6,260800,13.6,219500,10.2,154500,11.7,97900,13.1,202100,12.9,178600,12.8
Jun-92,153700,10.6,130700,11.4,314800,12.7,107800,15.7,260800,13.6,221600,10.3,155600,11.7,98200,13.1,202500,12.9,179200,12.9
Jul-92,155600,10.8,131900,11.5,319500,12.9,108400,15.8,261500,13.6,224700,10.5,158000,11.9,98200,13.1,204000,13,180900,13
Aug-92,159800,11.1,133200,11.6,325500,13.2,109600,16,264300,13.7,230300,10.7,161300,12.2,100000,13.4,207200,13.2,182900,13.1
Sep-92,162400,11.2,134700,11.8,329000,13.3,111000,16.2,266200,13.8,233900,10.9,163200,12.3,101300,13.5,208800,13.3,184900,13.3
Oct-92,165700,11.5,137200,12,335000,13.6,112600,16.4,268400,14,239400,11.2,164500,12.4,102600,13.7,213100,13.6,186900,13.4
Nov-92,169000,11.7,140100,12.2,339700,13.8,114900,16.7,270400,14.1,244800,11.4,167600,12.6,103200,13.8,216700,13.8,190400,13.7
Dec-92,173900,12,143900,12.6,348100,14.1,118400,17.3,276000,14.4,251900,11.7,171200,12.9,105500,14.1,221900,14.1,195400,14
Jan-93,174100,12.2,142400,12.8,346400,14.2,116700,17.1,271800,14.3,251900,11.9,169700,12.8,104000,13.9,219900,14.3,192800,13.8
Feb-93,172900,12.1,141800,12.7,347500,14.2,117700,17.2,270400,14.2,249400,11.8,168200,12.6,103500,13.9,219500,14.2,192600,13.8
Mar-93,172500,12.1,141100,12.7,348900,14.3,117200,17.1,269600,14.2,248400,11.7,167600,12.6,103100,13.8,219300,14.2,192200,13.8
Apr-93,172900,12.1,141400,12.7,349900,14.3,118800,17.4,270000,14.2,248000,11.7,167200,12.6,103200,13.8,219200,14.2,192400,13.8
May-93,171500,12,141000,12.7,349800,14.3,119700,17.5,268000,14.1,245800,11.6,165300,12.4,102800,13.8,217400,14.1,191000,13.7
Jun-93,170800,12,140400,12.6,349500,14.3,121200,17.7,267300,14,244300,11.5,164500,12.4,102800,13.8,216200,14,190300,13.7
Jul-93,169600,11.9,139800,12.6,348400,14.3,120100,17.6,265500,14,242900,11.5,163400,12.3,102300,13.7,214800,13.9,188900,13.6
Aug-93,168000,11.8,139600,12.6,347600,14.2,119900,17.5,265000,13.9,241800,11.4,161900,12.2,102400,13.7,213800,13.9,189100,13.6
Sep-93,166200,11.7,138800,12.5,346100,14.2,119600,17.5,262600,13.8,240000,11.3,160300,12.1,101700,13.6,211300,13.7,187600,13.5
Oct-93,164100,11.5,137000,12.3,343500,14.1,119000,17.4,259600,13.6,236300,11.2,158000,11.9,101000,13.5,208300,13.5,185800,13.3
Nov-93,161700,11.3,135500,12.2,341000,14,117800,17.2,257300,13.5,232200,11,155300,11.7,100700,13.5,205000,13.3,183800,13.2
Dec-93,158300,11.1,134400,12.1,337200,13.8,117000,17.1,255300,13.4,228800,10.8,153900,11.6,100100,13.4,202400,13.1,181800,13
Jan-94,159300,11.4,134500,11.8,337300,14.1,117500,17.8,254600,13.9,229300,10.6,154300,11.4,100000,13.2,201000,13.8,182300,13.5
Feb-94,156200,11.2,133500,11.7,334400,14,116200,17.6,251400,13.8,224000,10.4,151800,11.2,99100,13,198400,13.6,180400,13.4
Mar-94,154200,11,133200,11.7,332500,13.9,115500,17.5,249000,13.6,220500,10.2,150000,11.1,98300,12.9,195900,13.5,179500,13.3
Apr-94,151200,10.8,130800,11.5,328500,13.8,114200,17.3,245700,13.5,216000,10,147000,10.8,96900,12.7,192100,13.2,177100,13.1
May-94,149200,10.7,129900,11.4,325900,13.7,113600,17.2,243500,13.3,213100,9.9,146100,10.8,95800,12.6,189100,13,176600,13.1
Jun-94,146500,10.5,129100,11.3,322600,13.5,112900,17.1,240500,13.2,210000,9.7,144400,10.7,94500,12.4,186500,12.8,175100,13
Jul-94,143600,10.3,127300,11.2,319300,13.4,111900,16.9,237300,13,205600,9.5,141900,10.5,93100,12.2,184300,12.7,173000,12.8
Aug-94,141000,10.1,125700,11,315200,13.2,110700,16.7,233800,12.8,200900,9.3,139200,10.3,91500,12,181300,12.5,170800,12.7
Sep-94,139000,9.9,124800,11,312700,13.1,110300,16.7,231600,12.7,197200,9.2,137100,10.1,90100,11.9,178700,12.3,169800,12.6
Oct-94,135800,9.7,122700,10.8,309900,13,109600,16.6,227800,12.5,192200,8.9,134600,9.9,87900,11.6,175300,12.1,167900,12.5
Nov-94,133400,9.5,120600,10.6,306100,12.8,109300,16.5,224300,12.3,188300,8.7,133000,9.8,86700,11.4,172200,11.8,166600,12.4
Dec-94,129300,9.2,117700,10.3,301800,12.7,107900,16.3,220200,12.1,183300,8.5,130100,9.6,85200,11.2,168300,11.6,163900,12.2
Jan-95,129300,8.8,117100,10.2,299100,12.3,107200,16.3,218300,12,181800,8.2,128700,9.3,84200,11.7,165900,10.9,163800,11.8
Feb-95,127100,8.6,115700,10.1,296600,12.2,105200,16,215700,11.9,179000,8.1,127100,9.2,83500,11.6,163500,10.7,162500,11.7
Mar-95,126300,8.6,114600,10,294700,12.1,105000,16,213900,11.8,177700,8,126900,9.2,83100,11.5,161900,10.6,161700,11.6
Apr-95,125200,8.5,113200,9.9,294000,12.1,104500,15.9,211100,11.6,175400,7.9,124600,9,82400,11.4,160200,10.5,160800,11.6
May-95,124500,8.5,112400,9.8,292600,12,104100,15.9,209900,11.5,173800,7.9,123700,9,82300,11.4,159100,10.5,160000,11.5
Jun-95,124300,8.4,111500,9.7,291400,12,103600,15.8,209300,11.5,172900,7.8,123000,8.9,82400,11.4,158000,10.4,159300,11.5
Jul-95,123600,8.4,110800,9.7,290600,11.9,103200,15.7,207500,11.4,171700,7.8,121900,8.8,83100,11.5,156500,10.3,159000,11.4
Aug-95,122300,8.3,109700,9.6,287800,11.8,102600,15.6,205200,11.3,169900,7.7,120900,8.7,82100,11.4,154700,10.2,157200,11.3
Sep-95,120700,8.2,107900,9.4,285100,11.7,101600,15.5,201800,11.1,167300,7.6,119800,8.7,81800,11.4,152700,10,156300,11.3
Oct-95,120300,8.2,108400,9.5,284400,11.7,101500,15.5,203200,11.2,167000,7.6,119500,8.6,82100,11.4,152400,10,156000,11.2
Nov-95,119500,8.1,107900,9.4,283100,11.6,100700,15.3,202400,11.1,165400,7.5,118500,8.6,81700,11.3,151800,10,155300,11.2
Dec-95,118800,8.1,107700,9.4,281500,11.6,100300,15.3,201900,11.1,164700,7.4,117800,8.5,81700,11.3,151100,9.9,154800,11.1
Jan-96,117800,8.7,106500,10.4,279200,12.3,98900,16.2,199200,11.5,162300,7.8,116500,9.1,80800,12.2,148400,10.2,153000,11.9
Feb-96,117700,8.7,107500,10.5,278100,12.3,98800,16.2,201700,11.7,161700,7.8,117000,9.1,81800,12.3,149800,10.3,155000,12
Mar-96,116000,8.6,105600,10.3,275400,12.1,97500,16,199700,11.6,159500,7.7,114900,9,80600,12.1,147900,10.2,152400,11.8
Apr-96,115200,8.5,104800,10.2,272700,12,97000,15.9,198800,11.5,158200,7.6,113900,8.9,81100,12.2,147000,10.1,151900,11.8
May-96,113500,8.4,103700,10.1,270000,11.9,96300,15.8,197700,11.4,156600,7.5,113000,8.8,80200,12.1,145800,10,150100,11.6
Jun-96,111600,8.3,101900,9.9,267700,11.8,95000,15.6,196000,11.3,153800,7.4,111300,8.7,79400,12,144300,9.9,148700,11.5
Jul-96,109700,8.1,100200,9.7,264700,11.7,93300,15.3,193700,11.2,151100,7.3,109700,8.6,78800,11.9,141900,9.7,146500,11.4
Aug-96,108400,8,99000,9.6,262500,11.6,92000,15.1,191900,11.1,148800,7.2,108100,8.5,77900,11.7,139800,9.6,145500,11.3
Sep-96,106100,7.9,97000,9.4,258100,11.4,90200,14.8,188900,10.9,144600,7,105700,8.3,77200,11.6,137100,9.4,142500,11.1
Oct-96,103400,7.7,94800,9.2,252600,11.1,87900,14.4,185900,10.8,140400,6.7,103200,8.1,76200,11.5,134400,9.2,140400,10.9
Nov-96,98000,7.3,90000,8.8,241900,10.7,84500,13.9,177400,10.3,132400,6.4,98000,7.7,73200,11,127700,8.8,134600,10.4
Dec-96,95300,7.1,88000,8.6,236700,10.4,83300,13.7,175900,10.2,128600,6.2,96300,7.5,72000,10.8,125300,8.6,133600,10.4
Jan-97,92700,6.5,85600,7.8,231300,9.7,80600,12.5,171100,9.4,124600,5.7,94600,7,70500,10.3,121800,8.1,129400,9.8
Feb-97,88900,6.2,82300,7.5,223300,9.4,78500,12.1,166700,9.2,118400,5.4,90200,6.6,68100,9.9,117900,7.9,126000,9.5
Mar-97,85500,6,80200,7.3,216200,9.1,77400,12,162100,8.9,114400,5.2,86800,6.4,66000,9.6,114400,7.6,123000,9.3
Apr-97,83200,5.8,78300,7.2,210300,8.8,76100,11.8,158100,8.7,110300,5,84200,6.2,64600,9.4,112400,7.5,120600,9.1
May-97,81100,5.7,76000,6.9,204900,8.6,75100,11.6,154200,8.5,106200,4.8,81000,6,63400,9.2,109800,7.3,118300,8.9
Jun-97,78500,5.5,73500,6.7,198500,8.3,74000,11.4,148800,8.2,102300,4.7,77900,5.7,61600,9,106800,7.1,115300,8.7
Jul-97,76800,5.4,72500,6.6,194500,8.2,74000,11.4,147900,8.1,100000,4.6,75700,5.6,60900,8.9,105300,7,115300,8.7
Aug-97,74700,5.2,70300,6.4,190000,8,73900,11.4,145300,8,97100,4.4,73800,5.4,59700,8.7,104400,7,114100,8.6
Sep-97,72600,5.1,68400,6.2,185800,7.8,72900,11.3,142300,7.8,94500,4.3,71900,5.3,58600,8.5,102000,6.8,112500,8.5
Oct-97,70600,5,66600,6.1,181500,7.6,72800,11.2,139400,7.7,91700,4.2,69800,5.1,57200,8.3,100100,6.7,110600,8.3
Nov-97,68700,4.8,64900,5.9,176800,7.4,70700,10.9,136600,7.5,88800,4,68000,5,56100,8.2,98200,6.5,108400,8.2
Dec-97,67100,4.7,63600,5.8,174200,7.3,70500,10.9,134600,7.4,86400,3.9,66500,4.9,55600,8.1,96700,6.4,107600,8.1
Jan-98,65900,4.6,62700,5.7,172500,7,70600,11,133900,7.6,85300,3.9,66500,4.9,55000,8.2,95600,6.3,106600,8
Feb-98,64600,4.5,61500,5.6,170600,6.9,69200,10.8,131600,7.5,83500,3.8,64100,4.8,54500,8.1,94200,6.2,105600,7.9
Mar-98,63300,4.4,60800,5.6,169100,6.8,68500,10.7,129900,7.4,82600,3.8,63500,4.7,54100,8,92800,6.1,104600,7.8
Apr-98,63200,4.4,60500,5.5,168700,6.8,67700,10.6,129500,7.4,82000,3.7,63300,4.7,53800,8,92600,6.1,104100,7.8
May-98,62900,4.4,60400,5.5,167500,6.8,66200,10.3,128800,7.3,81200,3.7,62700,4.6,53500,7.9,92300,6.1,104100,7.8
Jun-98,62700,4.4,60400,5.5,166800,6.8,65500,10.2,128300,7.3,81000,3.7,62600,4.6,53500,7.9,92000,6.1,103400,7.7
Jul-98,62200,4.3,60700,5.5,165800,6.7,65300,10.2,128100,7.3,80500,3.7,62500,4.6,53400,7.9,92000,6.1,103700,7.8
Aug-98,61900,4.3,60500,5.5,164700,6.7,65000,10.2,127800,7.3,79400,3.6,61900,4.6,53400,7.9,92000,6.1,102700,7.7
Sep-98,61500,4.3,60700,5.5,163100,6.6,65300,10.2,127300,7.2,79000,3.6,61300,4.5,52800,7.8,92000,6.1,102300,7.7
Oct-98,61200,4.3,60700,5.5,161600,6.5,65600,10.2,126500,7.2,78300,3.6,60900,4.5,52700,7.8,92300,6.1,101600,7.6
Nov-98,61400,4.3,61000,5.6,160900,6.5,66200,10.3,126700,7.2,78700,3.6,60700,4.5,53200,7.9,93100,6.1,102000,7.6
Dec-98,60700,4.2,60400,5.5,159100,6.4,66000,10.3,125600,7.1,77800,3.6,60100,4.5,52600,7.8,93200,6.1,101000,7.6
Jan-99,59700,4.1,60100,5.3,158200,6.2,65900,10.5,124900,6.8,77100,3.4,60100,4.4,52600,7.5,93300,6.3,100800,7.4
Feb-99,59900,4.1,60300,5.3,156800,6.1,66000,10.6,124600,6.8,76800,3.4,59700,4.4,52600,7.5,94000,6.4,100300,7.4
Mar-99,59500,4.1,60100,5.3,155400,6.1,65800,10.5,124000,6.8,76400,3.4,59200,4.3,52200,7.4,94400,6.4,100000,7.4
Apr-99,59200,4.1,59600,5.2,153500,6,65700,10.5,123100,6.7,75600,3.3,58400,4.3,52000,7.4,94100,6.4,98800,7.3
May-99,58400,4,58800,5.2,152400,6,65200,10.4,122300,6.7,74900,3.3,57900,4.2,51100,7.3,93200,6.3,97300,7.2
Jun-99,58000,4,58500,5.2,150600,5.9,65000,10.4,121600,6.6,73900,3.3,57300,4.2,50800,7.2,92800,6.3,96800,7.1
Jul-99,57300,3.9,57700,5.1,149400,5.8,64200,10.3,120600,6.6,72200,3.2,55800,4.1,49500,7.1,92100,6.2,95200,7
Aug-99,56300,3.9,57300,5,147900,5.8,63400,10.1,119300,6.5,71300,3.1,54500,4,48300,6.9,91200,6.2,93400,6.9
Sep-99,55700,3.8,56800,5,147000,5.8,63200,10.1,118900,6.5,70700,3.1,54000,4,48000,6.8,90300,6.1,93300,6.9
Oct-99,54800,3.8,55700,4.9,144900,5.7,61200,9.8,117500,6.4,69400,3.1,53000,3.9,47300,6.7,88500,6,91800,6.8
Nov-99,53700,3.7,55200,4.9,142900,5.6,60000,9.6,115800,6.3,68200,3,51900,3.8,47000,6.7,87200,5.9,90700,6.7
Dec-99,52600,3.6,54300,4.8,139800,5.5,59300,9.5,113300,6.2,65900,2.9,50100,3.7,45800,6.5,85500,5.8,88700,6.5
Jan-00,52100,3.5,55100,5,139700,5.4,60400,9.7,114100,6.3,66000,2.9,50300,3.8,45900,6.8,85500,5.8,88700,6.6
Feb-00,51400,3.5,54300,4.9,138500,5.3,60600,9.7,113500,6.3,64900,2.8,49500,3.7,45400,6.7,84600,5.7,88700,6.6
Mar-00,50800,3.4,54000,4.9,137200,5.3,60800,9.8,112500,6.2,63900,2.8,48700,3.7,45600,6.7,84000,5.7,87600,6.5
Apr-00,49500,3.3,52600,4.7,134100,5.2,59100,9.5,109700,6.1,61400,2.7,47200,3.6,44800,6.6,82500,5.6,84700,6.3
May-00,48500,3.3,52800,4.8,130900,5,59500,9.6,108900,6,60700,2.7,46800,3.5,44600,6.6,82700,5.6,84600,6.3
Jun-00,47800,3.2,52400,4.7,129500,5,58800,9.5,108000,6,60000,2.6,46600,3.5,44700,6.6,82400,5.6,83400,6.2
Jul-00,46200,3.1,51600,4.6,126800,4.9,57800,9.3,106000,5.9,58500,2.6,45300,3.4,44100,6.5,81500,5.5,81400,6.1
Aug-00,45500,3.1,51300,4.6,124800,4.8,56700,9.1,104600,5.8,57500,2.5,44400,3.3,43700,6.4,81200,5.5,81000,6
Sep-00,44800,3,50800,4.6,123000,4.7,55600,8.9,102800,5.7,56400,2.5,43800,3.3,43500,6.4,80600,5.4,79700,5.9
Oct-00,45000,3,51000,4.6,122200,4.7,55900,9,102600,5.7,56500,2.5,43400,3.3,43800,6.5,81400,5.5,79700,5.9
Nov-00,44400,3,50500,4.5,121000,4.6,55400,8.9,101800,5.6,55700,2.4,42600,3.2,43200,6.4,81400,5.5,78800,5.9
Dec-00,43700,3,50600,4.6,119700,4.6,54500,8.8,102000,5.6,55500,2.4,41800,3.1,43300,6.4,81300,5.5,78400,5.8
Jan-01,42200,2.8,49800,4.5,117200,4.4,53100,9,99900,5.6,52900,2.3,40800,3,42400,6,79500,5.4,77400,5.9
Feb-01,42000,2.8,49500,4.5,115800,4.3,52500,8.9,99300,5.5,51800,2.2,40000,2.9,42100,6,78900,5.4,77200,5.8
Mar-01,41600,2.7,49300,4.4,114100,4.3,51800,8.7,98800,5.5,50800,2.2,39900,2.9,41600,5.9,78300,5.4,76700,5.8
Apr-01,40800,2.7,48700,4.4,112500,4.2,50700,8.6,98200,5.5,50200,2.2,39700,2.9,40600,5.8,77500,5.3,75700,5.7
May-01,40700,2.7,48500,4.4,111900,4.2,50400,8.5,98100,5.5,50000,2.2,39900,2.9,40200,5.7,77100,5.3,75500,5.7
Jun-01,40100,2.7,47700,4.3,111300,4.2,49500,8.3,96000,5.3,49300,2.1,39000,2.8,39100,5.5,75600,5.2,73900,5.6
Jul-01,39700,2.6,47000,4.2,110800,4.1,49200,8.3,95200,5.3,49000,2.1,38500,2.8,38500,5.5,74500,5.1,73500,5.6
Aug-01,39700,2.6,46400,4.2,111500,4.2,49200,8.3,95200,5.3,48800,2.1,38400,2.8,38400,5.4,74100,5.1,73400,5.6
Sep-01,39800,2.6,45900,4.1,112100,4.2,48700,8.2,94800,5.3,48200,2.1,38100,2.8,38200,5.4,73200,5,72300,5.5
Oct-01,40000,2.6,45800,4.1,113900,4.3,49500,8.3,95100,5.3,49300,2.1,37900,2.8,38000,5.4,73000,5,72100,5.5
Nov-01,40300,2.7,45800,4.1,115900,4.3,49400,8.3,95200,5.3,49900,2.2,38200,2.8,37900,5.4,72800,5,72000,5.5
Dec-01,40700,2.7,45300,4.1,117900,4.4,49600,8.4,96100,5.3,51800,2.2,38100,2.8,37700,5.3,73600,5,71600,5.4
Jan-02,40700,2.7,45100,4.1,118000,4.5,48900,8,94700,5.3,51100,2.2,37900,2.7,37300,5.3,72700,5,70600,5.3
Feb-02,40700,2.7,44500,4,117800,4.5,48100,7.9,93900,5.2,51400,2.2,38000,2.7,37200,5.3,72100,4.9,69500,5.2
Mar-02,40300,2.7,43900,4,118700,4.5,47500,7.8,93300,5.2,52000,2.2,37900,2.7,36600,5.2,71200,4.9,69000,5.2
Apr-02,41300,2.8,44300,4,119900,4.5,47100,7.7,93100,5.2,52800,2.2,37700,2.7,36800,5.2,71100,4.8,68800,5.2
May-02,41400,2.8,43900,4,119200,4.5,46300,7.6,92600,5.1,53100,2.3,37400,2.6,36400,5.1,70700,4.8,68300,5.1
Jun-02,42000,2.8,43800,4,120300,4.6,46800,7.7,92300,5.1,53600,2.3,37400,2.6,36200,5.1,71000,4.8,68600,5.2
Jul-02,42300,2.8,43800,4,121100,4.6,46300,7.6,92000,5.1,54100,2.3,37100,2.6,36200,5.1,71200,4.9,68600,5.2
Aug-02,42400,2.8,43600,3.9,121000,4.6,45800,7.5,91400,5.1,54000,2.3,36900,2.6,36300,5.1,71200,4.9,67800,5.1
Sep-02,42300,2.8,43500,3.9,121300,4.6,45000,7.4,91100,5.1,54100,2.3,36300,2.6,36400,5.1,71400,4.9,67800,5.1
Oct-02,42000,2.8,43200,3.9,121400,4.6,44100,7.3,90500,5,54000,2.3,36300,2.6,35900,5.1,71600,4.9,67300,5.1
Nov-02,41700,2.8,43100,3.9,121300,4.6,43400,7.1,90400,5,54000,2.3,35900,2.5,35700,5,71700,4.9,67000,5
Dec-02,41700,2.8,42700,3.9,121300,4.6,42900,7.1,89800,5,54100,2.3,35800,2.5,35100,5,71500,4.9,66800,5
Jan-03,41900,2.8,42900,3.8,121700,4.6,43000,6.8,89900,4.9,54300,2.3,35900,2.6,35400,5,71900,4.8,66500,4.9
Feb-03,42300,2.8,43200,3.8,122800,4.6,42900,6.8,89400,4.8,55300,2.3,36200,2.6,35200,4.9,72500,4.8,66200,4.8
Mar-03,42400,2.8,43200,3.8,122900,4.6,42600,6.7,88700,4.8,55600,2.3,36000,2.6,35100,4.9,73100,4.8,65300,4.8
Apr-03,42500,2.8,43400,3.8,122800,4.6,41900,6.6,87300,4.7,56000,2.4,35700,2.6,34600,4.9,71900,4.8,64100,4.7
May-03,43100,2.8,44300,3.9,123700,4.7,43000,6.8,88300,4.8,56500,2.4,36400,2.7,34800,4.9,72600,4.8,65300,4.8
Jun-03,43100,2.8,44600,3.9,124100,4.7,41800,6.6,87800,4.7,56600,2.4,36600,2.7,34800,4.9,72300,4.8,65300,4.8
Jul-03,42700,2.8,44200,3.9,122900,4.6,41100,6.5,87000,4.7,56600,2.4,36200,2.6,34300,4.8,71900,4.8,64200,4.7
Aug-03,42400,2.8,44000,3.9,122200,4.6,40700,6.4,85500,4.6,56500,2.4,35700,2.6,33800,4.7,72000,4.8,63200,4.6
Sep-03,42000,2.8,43800,3.8,121900,4.6,40300,6.4,84700,4.6,56400,2.4,35400,2.6,33200,4.7,71800,4.7,62900,4.6
Oct-03,41600,2.7,43400,3.8,121800,4.6,39700,6.3,83700,4.5,56100,2.4,34900,2.6,32800,4.6,71500,4.7,62000,4.5
Nov-03,41600,2.7,42500,3.7,121300,4.6,39500,6.2,82400,4.5,56000,2.4,34200,2.5,32500,4.6,70900,4.7,60700,4.4
Dec-03,41200,2.7,42000,3.7,121100,4.6,39000,6.2,81500,4.4,55700,2.4,33700,2.5,32100,4.5,70500,4.7,59600,4.4
Jan-04,41100,2.7,41300,3.7,120300,4.6,38700,6.3,80500,4.3,55400,2.3,33200,2.4,32000,4.5,70400,4.7,59400,4.2
Feb-04,40900,2.6,40400,3.6,119700,4.5,37700,6.1,79900,4.3,55000,2.3,32700,2.3,31700,4.5,70300,4.7,59000,4.2
Mar-04,40600,2.6,39900,3.5,118900,4.5,37100,6,78700,4.2,54100,2.3,32000,2.3,31400,4.4,68900,4.6,58300,4.2
Apr-04,40500,2.6,39100,3.5,119000,4.5,37100,6,77400,4.2,53400,2.2,31000,2.2,31400,4.4,67700,4.5,57600,4.1
May-04,39900,2.6,38100,3.4,118800,4.5,36300,5.9,76100,4.1,52500,2.2,30300,2.2,30500,4.3,66500,4.5,56100,4
Jun-04,39400,2.5,37500,3.3,117100,4.4,35500,5.8,75100,4.1,51700,2.2,29900,2.1,30100,4.2,66100,4.4,55200,3.9
Jul-04,39400,2.5,37100,3.3,116300,4.4,35400,5.7,74000,4,50500,2.1,29500,2.1,29900,4.2,65500,4.4,54500,3.9
Aug-04,39400,2.5,36800,3.3,115500,4.4,34900,5.7,74200,4,50500,2.1,29300,2.1,29800,4.2,64900,4.4,54600,3.9
Sep-04,39500,2.6,36800,3.3,114800,4.3,34800,5.6,73900,4,50400,2.1,29500,2.1,29800,4.2,64600,4.3,54100,3.9
Oct-04,39700,2.6,36900,3.3,113900,4.3,35100,5.7,73800,4,50900,2.1,29500,2.1,29700,4.2,64700,4.3,54100,3.9
Nov-04,39700,2.6,37200,3.3,113800,4.3,34600,5.6,73700,4,50500,2.1,29700,2.1,29500,4.2,64400,4.3,53400,3.8
Dec-04,39800,2.6,36900,3.3,113600,4.3,34400,5.6,73200,4,49900,2.1,29500,2.1,29500,4.2,64300,4.3,52800,3.8
Jan-05,39800,2.6,36800,3.1,113600,4.3,33900,5.3,71700,3.9,50100,2.1,29600,2.1,29400,4,64200,4.3,52900,3.8
Feb-05,40000,2.6,36500,3.1,113800,4.3,34100,5.3,72000,3.9,49800,2.1,29700,2.1,29300,3.9,63000,4.2,53200,3.8
Mar-05,40700,2.7,37500,3.2,114800,4.3,34700,5.4,73000,3.9,50700,2.1,29700,2.1,29600,4,63800,4.3,54200,3.9
Apr-05,40800,2.7,37800,3.2,115400,4.4,34600,5.4,74400,4,51200,2.1,30200,2.1,30100,4,65900,4.4,55000,3.9
May-05,41400,2.7,38300,3.3,115400,4.4,35200,5.5,75900,4.1,51900,2.2,30400,2.1,30900,4.2,72000,4.8,56000,4
Jun-05,42100,2.8,39300,3.4,115700,4.4,35600,5.5,77000,4.2,53000,2.2,30600,2.2,31500,4.2,72800,4.9,56900,4
Jul-05,42600,2.8,39700,3.4,115500,4.4,35700,5.6,77700,4.2,52800,2.2,30900,2.2,31800,4.3,73400,4.9,57300,4.1
Aug-05,42600,2.8,39700,3.4,116300,4.4,36100,5.6,78100,4.2,52700,2.2,30800,2.2,31900,4.3,72900,4.9,57700,4.1
Sep-05,42800,2.8,40400,3.5,116800,4.4,36200,5.6,79200,4.3,53600,2.2,31000,2.2,32000,4.3,74000,4.9,58900,4.2
Oct-05,43700,2.9,41200,3.5,117700,4.5,36600,5.7,80600,4.3,54200,2.3,31500,2.2,32600,4.4,75000,5,60200,4.3
Nov-05,44200,2.9,42200,3.6,117900,4.5,36600,5.7,81800,4.4,55600,2.3,32100,2.3,33400,4.5,76500,5.1,61900,4.4
Dec-05,44600,2.9,42900,3.7,118300,4.5,36400,5.7,82100,4.4,56800,2.4,32000,2.3,33500,4.5,77300,5.2,63200,4.5
Jan-06,45000,2.9,43100,3.6,119000,4.3,36300,5.5,83000,4.4,57600,2.4,32300,2.3,33200,4.3,77600,5.1,63500,4.4
Feb-06,45400,2.9,43800,3.7,119000,4.3,36900,5.6,84500,4.5,58700,2.5,32800,2.3,33400,4.4,78700,5.1,64300,4.5
Mar-06,46100,2.9,44400,3.7,118300,4.3,37300,5.7,86000,4.6,60300,2.5,33500,2.3,33800,4.4,80300,5.2,65200,4.6
Apr-06,47100,3,45300,3.8,118900,4.3,37800,5.8,87400,4.7,59700,2.5,34800,2.4,34200,4.5,82300,5.4,65600,4.6
May-06,47200,3,45400,3.8,118700,4.3,38400,5.9,87900,4.7,60500,2.5,35200,2.5,34100,4.4,81900,5.3,66200,4.6
Jun-06,47600,3,45600,3.8,118800,4.3,39300,6,89300,4.8,60800,2.5,35600,2.5,33800,4.4,81900,5.3,66400,4.6
Jul-06,47500,3,45500,3.8,118800,4.3,38900,5.9,88600,4.7,61000,2.5,35800,2.5,33300,4.3,82100,5.4,66500,4.7
Aug-06,47400,3,45700,3.8,116600,4.3,39100,6,88200,4.7,60300,2.5,35800,2.5,33000,4.3,81700,5.3,66200,4.6
Sep-06,48400,3.1,45900,3.9,117300,4.3,39400,6,89000,4.7,60600,2.5,36300,2.5,33000,4.3,82100,5.4,66700,4.7
Oct-06,48700,3.1,46000,3.9,116800,4.3,39300,6,88800,4.7,60000,2.5,35900,2.5,33000,4.3,82000,5.3,66500,4.7
Nov-06,48800,3.1,45500,3.8,115700,4.2,39300,6,88200,4.7,58900,2.5,35500,2.5,32200,4.2,81600,5.3,65900,4.6
Dec-06,48000,3,45300,3.8,113800,4.2,39300,6,88100,4.7,57700,2.4,35100,2.5,31900,4.2,81500,5.3,65300,4.6
Jan-07,47100,3,44900,3.6,111600,4.1,38900,5.9,87100,4.5,56400,2.4,34200,2.4,31300,4,81000,5.3,64200,4.5
Feb-07,46500,2.9,44200,3.6,109400,4,38500,5.8,86000,4.5,55000,2.3,33400,2.3,30900,4,79700,5.2,63100,4.4
Mar-07,45300,2.9,43700,3.5,107600,4,38100,5.7,84400,4.4,53500,2.2,32800,2.3,30500,3.9,78300,5.1,62000,4.3
Apr-07,44000,2.8,42600,3.5,105000,3.9,37700,5.7,82700,4.3,52400,2.2,31400,2.2,30100,3.9,76100,5,61300,4.3
May-07,43500,2.7,42600,3.5,103500,3.8,37200,5.6,82000,4.3,51700,2.2,31100,2.2,30000,3.9,75800,5,60800,4.3
Jun-07,43200,2.7,42200,3.4,101100,3.7,37300,5.6,81600,4.3,51400,2.1,30800,2.2,30300,3.9,75200,4.9,60500,4.2
Jul-07,43200,2.7,42300,3.4,100200,3.7,37200,5.6,81900,4.3,51200,2.1,30300,2.1,30300,3.9,74900,4.9,60300,4.2
Aug-07,42700,2.7,41900,3.4,99100,3.7,37000,5.6,82000,4.3,51100,2.1,30200,2.1,30300,3.9,75000,4.9,60200,4.2
Sep-07,42700,2.7,41600,3.4,97400,3.6,36800,5.5,81900,4.3,50300,2.1,29800,2.1,30100,3.9,74600,4.9,59400,4.2
Oct-07,41900,2.6,41000,3.3,95500,3.5,36500,5.5,81400,4.2,49700,2.1,29500,2.1,29800,3.9,74200,4.9,58500,4.1
Nov-07,41100,2.6,40200,3.3,94400,3.5,36100,5.4,80600,4.2,48700,2,28900,2,29500,3.8,72700,4.8,57600,4
Dec-07,40500,2.6,39100,3.2,93100,3.4,35700,5.4,79800,4.2,47900,2,28200,2,29200,3.8,71300,4.7,56800,4
Jan-08,39100,2.5,37700,3.1,90800,3.2,34900,5.3,78300,4.1,45900,1.9,26900,1.8,28300,3.7,69200,4.5,55600,3.9
Feb-08,37900,2.4,36800,3,89100,3.2,35100,5.3,77400,4,44600,1.8,26100,1.8,28200,3.7,68000,4.4,54900,3.8
Mar-08,37800,2.4,36700,3,88200,3.1,35500,5.4,78400,4.1,44500,1.8,25800,1.7,28500,3.7,67900,4.4,55000,3.8
Apr-08,38500,2.4,37700,3.1,88000,3.1,36000,5.4,79900,4.2,45400,1.9,26800,1.8,29100,3.8,68700,4.4,56000,3.9
May-08,40100,2.5,39400,3.2,88700,3.2,37000,5.6,82000,4.3,47600,1.9,28300,1.9,30500,4,71000,4.6,58000,4.1
Jun-08,42000,2.6,41500,3.4,90800,3.2,38000,5.7,85000,4.4,50700,2.1,30400,2.1,31800,4.1,73800,4.8,60700,4.2
Jul-08,44200,2.8,43800,3.6,92500,3.3,39400,6,88500,4.6,53600,2.2,32800,2.2,33500,4.3,76700,4.9,64300,4.5
Aug-08,47000,3,46600,3.8,95000,3.4,41600,6.3,92300,4.8,57400,2.3,35900,2.4,35300,4.6,80200,5.2,68100,4.8
Sep-08,49500,3.1,49200,4,98100,3.5,43400,6.6,96500,5,60900,2.5,38200,2.6,37200,4.8,83500,5.4,71700,5
Oct-08,52100,3.3,51100,4.2,100600,3.6,45200,6.8,100500,5.2,64100,2.6,41000,2.8,38800,5,86800,5.6,75300,5.3
Nov-08,57900,3.6,56800,4.6,106900,3.8,48900,7.4,109200,5.7,72100,2.9,46000,3.1,43000,5.6,95100,6.1,82500,5.8
Dec-08,63000,4,61400,5,112500,4,52300,7.9,116400,6.1,78300,3.2,50500,3.4,46500,6,102000,6.6,89100,6.2
Jan-09,67200,4.1,65000,5.2,116200,4.2,55100,8.1,121800,6.2,83900,3.5,53800,3.5,49300,6.2,107400,7,93000,6.4
Feb-09,77400,4.8,74000,5.9,126900,4.6,60000,8.8,133200,6.8,96800,4,62400,4.1,54500,6.8,119300,7.8,103500,7.1
Mar-09,81900,5,77200,6.2,134700,4.8,62300,9.2,140400,7.2,102900,4.2,66400,4.4,56800,7.1,124900,8.1,108400,7.4
Apr-09,85000,5.2,79900,6.4,140000,5,64400,9.5,144900,7.4,107200,4.4,69200,4.6,58700,7.3,130100,8.5,112200,7.7
May-09,86500,5.3,81800,6.5,143400,5.2,65900,9.7,148000,7.6,110000,4.5,70400,4.6,59700,7.5,132100,8.6,115200,7.9
Jun-09,87200,5.4,82400,6.6,146000,5.3,66300,9.8,149500,7.6,111300,4.6,70900,4.7,60300,7.5,133800,8.7,117000,8
Jul-09,87300,5.4,82700,6.6,148100,5.3,66500,9.8,150400,7.7,112300,4.6,70900,4.7,60400,7.6,134400,8.7,117300,8
Aug-09,87600,5.4,82700,6.6,149500,5.4,66200,9.7,150900,7.7,113200,4.7,70400,4.6,60500,7.6,135000,8.8,118100,8.1
Sep-09,87400,5.4,83000,6.6,150500,5.4,66000,9.7,150800,7.7,113400,4.7,70100,4.6,60800,7.6,135800,8.8,118400,8.1
Oct-09,87200,5.4,83800,6.7,152000,5.5,66300,9.8,150400,7.7,113800,4.7,69100,4.6,60800,7.6,135800,8.8,118800,8.1
Nov-09,86700,5.3,83100,6.7,150700,5.4,65800,9.7,149800,7.7,113500,4.7,68500,4.5,60300,7.5,134300,8.7,118600,8.1
Dec-09,85400,5.3,82300,6.6,149500,5.4,65200,9.6,147700,7.5,111300,4.6,66300,4.4,59200,7.4,131800,8.6,117500,8
Jan-10,86900,5.5,82700,6.7,150800,5.5,66000,9.7,149400,7.8,113400,4.7,67900,4.6,59600,7.6,132600,8.8,118300,8.2
Feb-10,83900,5.3,80300,6.5,149600,5.4,64500,9.5,144800,7.5,109000,4.5,65400,4.4,58000,7.4,129100,8.6,116500,8.1
Mar-10,81900,5.2,77700,6.3,147400,5.4,62600,9.2,141000,7.3,105700,4.4,63300,4.3,56500,7.2,125800,8.4,113900,7.9
Apr-10,81000,5.1,75500,6.1,145000,5.3,61000,9,138300,7.2,104000,4.3,61400,4.2,55700,7.1,122900,8.2,112100,7.8
May-10,78000,4.9,73200,5.9,143100,5.2,59200,8.7,135200,7,99000,4.1,59400,4,54100,6.9,119300,7.9,109500,7.6
Jun-10,76300,4.8,71300,5.7,141200,5.1,58900,8.7,133300,6.9,96400,4,58200,3.9,53000,6.8,116700,7.8,106100,7.4
Jul-10,75500,4.8,70000,5.6,140100,5.1,58300,8.6,131500,6.8,94400,3.9,56800,3.8,52200,6.7,114800,7.6,104100,7.2
Aug-10,75000,4.7,69100,5.6,139300,5.1,58300,8.6,131100,6.8,93200,3.8,56600,3.8,52100,6.7,113500,7.5,104500,7.3
Sep-10,74700,4.7,68900,5.5,139100,5.1,58400,8.6,130400,6.8,92700,3.8,56600,3.8,51700,6.6,112800,7.5,104500,7.3
Oct-10,73900,4.7,68000,5.5,138300,5,58200,8.6,129400,6.7,91000,3.8,56200,3.8,51000,6.5,111400,7.4,103600,7.2
Nov-10,73300,4.6,67500,5.4,137700,5,57900,8.5,128500,6.7,90200,3.7,56000,3.8,51000,6.5,111100,7.4,103300,7.2
Dec-10,72600,4.6,67700,5.5,136300,5,57500,8.5,127200,6.6,89700,3.7,55700,3.8,50900,6.5,110400,7.3,103100,7.2
Jan-11,72500,4.6,67300,5.4,136000,5,57100,8.5,126900,6.6,88900,3.6,55400,3.7,50700,6.6,110600,7.5,102400,7.1
Feb-11,70700,4.5,66000,5.3,134700,5,56700,8.5,126100,6.6,87700,3.6,55100,3.6,50000,6.5,108600,7.4,101600,7.1
Mar-11,70300,4.4,66300,5.3,134100,4.9,56500,8.4,126100,6.6,87800,3.6,54900,3.6,49800,6.5,108400,7.4,101600,7.1
Apr-11,70500,4.4,67000,5.4,137700,5.1,57800,8.6,127100,6.6,88200,3.6,54600,3.6,49900,6.5,109100,7.4,101700,7.1
May-11,71200,4.5,67500,5.4,138200,5.1,57700,8.6,128400,6.7,89400,3.7,55000,3.6,50700,6.6,110400,7.5,102800,7.1
Jun-11,72600,4.6,69000,5.5,139700,5.1,58100,8.7,130100,6.8,90700,3.7,55900,3.7,51600,6.7,111300,7.6,104400,7.3
Jul-11,74500,4.7,70200,5.6,142200,5.2,60000,8.9,132100,6.9,92400,3.8,57500,3.8,52800,6.8,113000,7.7,106700,7.4
Aug-11,75200,4.7,71300,5.7,144300,5.3,60800,9.1,134200,7,93700,3.8,59000,3.9,53600,6.9,114400,7.8,108700,7.6
Sep-11,75800,4.8,72000,5.8,145100,5.3,61900,9.2,136800,7.1,94800,3.9,60900,4,54000,7,114500,7.8,110200,7.7
Oct-11,76200,4.8,72000,5.8,145200,5.3,61600,9.2,136900,7.2,94800,3.9,60200,4,54300,7,114400,7.8,110700,7.7
Nov-11,76400,4.8,72700,5.8,145500,5.4,61800,9.2,137500,7.2,94600,3.9,60600,4,54300,7,114200,7.8,111400,7.7
Dec-11,76300,4.8,73000,5.9,145300,5.3,62200,9.3,138000,7.2,94600,3.9,61000,4,54300,7,114200,7.8,112100,7.8
Jan-12,76700,4.7,74000,5.9,144200,5,62900,9.5,139200,7.3,94700,3.8,61700,4.2,55000,7.2,114800,7.6,113700,7.8
Feb-12,77000,4.7,74000,5.9,144000,5,63600,9.7,140000,7.3,95200,3.8,61600,4.2,55200,7.2,113800,7.5,113000,7.8
Mar-12,76800,4.7,74000,5.9,142600,5,64200,9.7,140000,7.3,95600,3.8,61500,4.2,55300,7.2,113200,7.5,113100,7.8
Apr-12,75100,4.6,73100,5.8,140500,4.9,64300,9.8,138500,7.2,92800,3.7,60400,4.1,54700,7.2,110800,7.3,111900,7.7
May-12,75800,4.7,73500,5.8,139000,4.8,64600,9.8,137900,7.2,93500,3.7,60700,4.1,54800,7.2,111000,7.3,113100,7.8
Jun-12,75100,4.6,72700,5.8,138000,4.8,64600,9.8,137300,7.2,93700,3.7,60400,4.1,54600,7.1,110400,7.3,112800,7.8
Jul-12,74400,4.6,72400,5.7,135600,4.7,64200,9.7,136200,7.1,92100,3.7,59900,4,54300,7.1,109400,7.2,112200,7.7
Aug-12,73600,4.5,71500,5.7,130900,4.5,63700,9.7,134800,7,90800,3.6,59100,4,54000,7.1,108600,7.2,111400,7.7
Sep-12,73300,4.5,70800,5.6,132500,4.6,63900,9.7,133800,7,89400,3.6,58200,3.9,53900,7,107800,7.1,109700,7.5
Oct-12,73100,4.5,70500,5.6,134200,4.7,64300,9.8,133900,7,89400,3.6,58100,3.9,54400,7.1,107500,7.1,110200,7.6
Nov-12,72600,4.5,69800,5.5,135100,4.7,64000,9.7,133200,7,88600,3.5,57400,3.9,53300,7,106800,7.1,109400,7.5
Dec-12,72100,4.4,69100,5.5,133300,4.6,63600,9.7,132100,6.9,87700,3.5,56500,3.8,53200,7,105500,7,108800,7.5
Jan-13,71521,4.2,68194,5.3,132394,4.4,62975,8.7,131381,6.4,86927,3.4,55893,3.6,52457,6.9,104570,6.4,107836,7
Feb-13,71954,4.2,67986,5.3,131996,4.4,62198,8.6,130045,6.4,86612,3.4,55367,3.6,52384,6.8,104497,6.4,107712,7
Mar-13,71050,4.2,67400,5.3,130550,4.3,61115,8.4,128912,6.3,85524,3.3,55021,3.6,51933,6.8,103494,6.3,106960,6.9
Apr-13,69912,4.1,66632,5.2,128822,4.3,60097,8.3,127029,6.2,83628,3.3,54349,3.5,51602,6.7,102035,6.2,105695,6.9
May-13,68782,4.1,65380,5.1,126598,4.2,59532,8.2,125216,6.1,81790,3.2,53861,3.5,51054,6.7,100929,6.1,104326,6.8
Jun-13,67029,4,63813,5,123940,4.1,58301,8,122805,6,79308,3.1,52118,3.4,49797,6.5,99337,6,102757,6.7
Jul-13,64769,3.8,61833,4.8,120749,4,56923,7.8,120328,5.9,76961,3,50444,3.3,48517,6.3,97156,5.9,100164,6.5
Aug-13,62661,3.7,60103,4.7,117134,3.9,55273,7.6,116835,5.7,74471,2.9,48863,3.2,47520,6.2,94344,5.7,97478,6.3
Sep-13,60038,3.5,57682,4.5,113030,3.8,52998,7.3,111495,5.5,70906,2.8,46454,3,45989,6,91418,5.6,93988,6.1
Oct-13,57353,3.4,55575,4.3,108069,3.6,51076,7,107770,5.3,68647,2.7,45228,3,44606,5.8,88213,5.4,90612,5.9
Nov-13,55247,3.3,53322,4.2,105123,3.5,49740,6.8,105072,5.2,66453,2.6,44290,2.9,44145,5.8,86053,5.2,88109,5.7
Dec-13,53975,3.2,52615,4.1,102744,3.4,48496,6.7,103903,5.1,64412,2.5,43234,2.8,43304,5.7,84809,5.2,86459,5.6
Jan-14,52689,3.1,51506,4,101348,3.3,47706,7,102512,5.1,62638,2.4,42101,2.7,42961,5.3,83076,5.1,84800,5.6
Feb-14,50714,3,50450,3.9,98285,3.2,46429,6.8,98589,4.9,60214,2.3,40727,2.6,42059,5.2,80718,4.9,82877,5.5
Mar-14,49061,2.9,48535,3.8,95775,3.1,45029,6.6,94790,4.7,57923,2.3,38959,2.5,41096,5,78305,4.8,80509,5.3
Apr-14,47182,2.8,46719,3.7,93080,3,43988,6.5,91391,4.5,55671,2.2,37521,2.4,40537,5,75995,4.6,78072,5.2
May-14,45088,2.7,45198,3.5,90785,2.9,42674,6.3,87786,4.3,53813,2.1,36086,2.3,39157,4.8,73640,4.5,75669,5
Jun-14,42868,2.5,43349,3.4,87093,2.8,40733,6,84035,4.2,51524,2,34322,2.2,37579,4.6,70827,4.3,72331,4.8
Jul-14,41264,2.4,41996,3.3,85274,2.7,39920,5.9,80415,4,49780,1.9,32799,2.1,36602,4.5,68447,4.2,70068,4.6
Aug-14,39427,2.3,40094,3.1,83049,2.7,38652,5.7,77040,3.8,47601,1.9,31168,2,35050,4.3,65197,4,67554,4.5
Sep-14,37978,2.3,38981,3,80990,2.6,38198,5.6,75091,3.7,46085,1.8,30001,1.9,34285,4.2,63474,3.9,66101,4.4
Oct-14,36545,2.2,38088,3,78451,2.5,37067,5.4,73155,3.6,44800,1.7,29133,1.9,33189,4.1,61333,3.7,64201,4.3
Nov-14,35309,2.1,36623,2.9,76348,2.5,35812,5.3,71458,3.5,43411,1.7,28240,1.8,32814,4,58935,3.6,62854,4.2
Dec-14,34338,2,35626,2.8,74477,2.4,34550,5.1,69909,3.5,42222,1.6,27336,1.8,32143,3.9,57106,3.5,61322,4.1
Jan-15,33394,2,34492,2.7,73031,2.4,33252,4.9,68852,3.4,41094,1.6,26656,1.7,31235,3.8,55832,3.4,59597,3.9
Feb-15,32098,1.9,33568,2.6,71120,2.3,32503,4.8,68469,3.4,39829,1.6,25583,1.6,30556,3.8,54363,3.3,57992,3.8
Mar-15,31137,1.8,32228,2.5,69448,2.2,32115,4.8,67836,3.4,38879,1.5,25062,1.6,29703,3.6,53247,3.2,56638,3.8
Apr-15,30788,1.8,31887,2.5,68375,2.2,31898,4.7,69797,3.5,38312,1.5,24829,1.6,29361,3.6,52313,3.2,55996,3.7
May-15,30460,1.8,31232,2.4,67533,2.2,31528,4.7,69708,3.5,37498,1.5,24728,1.6,28991,3.6,51429,3.1,54804,3.6
Jun-15,30816,1.8,31264,2.4,67416,2.2,31660,4.7,70030,3.5,37728,1.5,25021,1.6,29126,3.6,51061,3.1,54196,3.6
Jul-15,30910,1.8,31257,2.4,66594,2.2,31629,4.7,70297,3.5,37461,1.5,25166,1.6,29051,3.6,50755,3.1,53682,3.6
Aug-15,30795,1.8,31289,2.4,65960,2.1,31604,4.7,69920,3.5,37325,1.5,25217,1.6,28846,3.5,50741,3.1,52863,3.5
Sep-15,30811,1.8,31070,2.4,65525,2.1,31433,4.7,69473,3.4,37196,1.5,25345,1.6,28702,3.5,50482,3.1,52110,3.5
Oct-15,30602,1.8,30503,2.4,64662,2.1,31993,4.8,69911,3.5,36885,1.4,25313,1.6,28473,3.5,50330,3.1,51489,3.4
Nov-15,30133,1.8,30071,2.3,64338,2.1,32315,4.8,69263,3.4,36643,1.4,24970,1.6,28085,3.4,50592,3.1,50680,3.4
Dec-15,29611,1.7,29736,2.3,63928,2.1,32390,4.8,69231,3.4,36463,1.4,24973,1.6,28048,3.4,50558,3.1,50093,3.3
Jan-16,29117,1.7,29453,2.3,63853,2,31930,4.9,68357,3.3,36188,1.3,24661,1.6,27648,3.3,50403,3.1,49370,3.3
Feb-16,28161,1.7,28769,2.2,63188,2,33074,5.1,67350,3.3,35749,1.3,24836,1.6,27684,3.3,49880,3.1,48146,3.2
Mar-16,28904,1.7,28838,2.2,63281,2,33498,5.2,68101,3.3,36683,1.4,25372,1.6,27969,3.4,50998,3.2,48577,3.2
Apr-16,28627,1.7,29153,2.2,63123,2,33014,5.1,67332,3.3,36999,1.4,25562,1.6,27862,3.4,51388,3.2,48295,3.2
May-16,29134,1.7,29451,2.3,63157,2,33060,5.1,67350,3.3,37551,1.4,25784,1.7,27926,3.4,51942,3.2,48473,3.2
Jun-16,29386,1.8,29592,2.3,63664,2,33366,5.1,67541,3.3,37892,1.4,25921,1.7,27955,3.4,52524,3.3,48901,3.3
Jul-16,29326,1.7,29236,2.2,64177,2,33302,5.1,67365,3.3,37910,1.4,25997,1.7,27737,3.3,52833,3.3,48717,3.2
Aug-16,29670,1.8,29188,2.2,64575,2,33454,5.2,67806,3.3,38163,1.4,26119,1.7,27745,3.3,53192,3.3,49090,3.3
Sep-16,29632,1.8,28990,2.2,64832,2,33497,5.2,67983,3.3,38344,1.4,26103,1.7,27595,3.3,53483,3.3,49200,3.3
Oct-16,29664,1.8,28801,2.2,65601,2.1,33856,5.2,67717,3.3,38479,1.4,26345,1.7,27344,3.3,54059,3.3,49200,3.3
Nov-16,29749,1.8,28713,2.2,66584,2.1,34005,5.2,67975,3.3,38769,1.4,26462,1.7,27070,3.3,54097,3.4,49152,3.3
Dec-16,29767,1.8,28154,2.2,66302,2.1,33890,5.2,67215,3.3,38188,1.4,26331,1.7,26384,3.2,53374,3.3,48029,3.2
Jan-17,29552,1.7,27621,2.1,65883,2,33723,5,66525,3.2,37501,1.4,25934,1.6,25727,3.2,52539,3.2,47476,3.1
Feb-17,29261,1.7,27252,2.1,65419,2,33688,5,65242,3.2,37074,1.4,25860,1.6,25610,3.2,52320,3.2,47724,3.1
Mar-17,29703,1.7,28100,2.2,66804,2,33969,5,66826,3.2,38183,1.5,26712,1.7,25920,3.2,53298,3.3,48182,3.1
Apr-17,30062,1.7,28384,2.2,68067,2.1,34140,5.1,67151,3.3,38773,1.5,27295,1.7,26021,3.2,53567,3.3,48131,3.1
May-17,30033,1.7,28511,2.2,68697,2.1,34245,5.1,67139,3.3,39041,1.5,27118,1.7,25556,3.2,53346,3.3,48164,3.1
Jun-17,30026,1.7,28969,2.2,69018,2.1,34400,5.1,67387,3.3,39524,1.5,27254,1.7,25314,3.2,53298,3.3,48249,3.1
Jul-17,29998,1.7,29204,2.2,69087,2.1,34285,5.1,67514,3.3,39888,1.5,27235,1.7,24995,3.1,52960,3.3,48121,3.1
Aug-17,29923,1.7,29361,2.3,69085,2.1,34521,5.1,67801,3.3,40090,1.5,27161,1.7,24782,3.1,52996,3.3,48033,3.1
Sep-17,30009,1.7,29673,2.3,68998,2.1,34524,5.1,68217,3.3,40293,1.5,27449,1.7,24551,3.1,53256,3.3,47935,3.1
Oct-17,30253,1.7,29848,2.3,69253,2.1,34474,5.1,68124,3.3,40681,1.5,27571,1.7,24584,3.1,53265,3.3,48125,3.1
Nov-17,30490,1.8,30281,2.3,69564,2.1,34804,5.2,68338,3.3,41007,1.6,27831,1.7,24668,3.1,53777,3.3,48579,3.1
Dec-17,30976,1.8,30488,2.3,69934,2.1,35253,5.2,69181,3.4,41544,1.6,28155,1.8,24949,3.1,54724,3.4,49164,3.2
Jan-18,31090,1.8,30550,2.4,70446,2.2,35563,5.1,70062,3.3,41962,1.6,28395,1.7,25008,3,55223,3.2,49170,3.1
Feb-18,31104,1.8,30657,2.4,70785,2.2,36153,5.2,70525,3.3,42138,1.7,28479,1.7,25431,3.1,56082,3.3,49961,3.2
Mar-18,31683,1.8,30903,2.4,71262,2.2,36919,5.3,71357,3.4,42577,1.7,29025,1.8,25685,3.1,56997,3.3,50518,3.2
Apr-18,32193,1.9,31013,2.4,71266,2.2,37178,5.3,72321,3.4,42926,1.7,29528,1.8,26145,3.2,58025,3.4,51090,3.3
May-18,33009,1.9,31359,2.4,71446,2.2,37297,5.3,73366,3.5,43872,1.7,30299,1.9,26505,3.2,59169,3.5,51835,3.3
Jun-18,33265,1.9,31140,2.4,71335,2.2,36687,5.2,73956,3.5,43871,1.7,30630,1.9,26585,3.2,59543,3.5,51308,3.3
Jul-18,33820,1.9,31185,2.4,71901,2.2,36538,5.2,74980,3.5,44564,1.7,31334,1.9,26891,3.3,60526,3.6,51629,3.3
Aug-18,34396,2,31353,2.4,72432,2.2,36911,5.3,75624,3.6,45334,1.8,32034,2,26902,3.3,60986,3.6,52081,3.3
Sep-18,35391,2,32045,2.5,74271,2.3,37937,5.4,76960,3.6,46453,1.8,32871,2,27487,3.3,61961,3.6,53077,3.4
Oct-18,36393,2.1,33044,2.5,75937,2.3,38957,5.6,79103,3.7,47839,1.9,33811,2.1,28079,3.4,63153,3.7,54077,3.5
Nov-18,37161,2.1,34021,2.6,77478,2.4,39671,5.7,80715,3.8,49121,1.9,34828,2.1,28484,3.5,64298,3.8,55036,3.5
Dec-18,37846,2.2,35034,2.7,79528,2.4,40867,5.8,82764,3.9,50605,2,35984,2.2,29249,3.6,65646,3.9,56135,3.6
Jan-19,38337,2.2,35562,2.6,81590,2.4,41224,5.9,83868,3.8,51251,1.9,36394,2.2,29911,3.6,65199,3.7,56670,3.6
Feb-19,38890,2.2,36424,2.7,82931,2.5,41640,5.9,85320,3.9,51398,1.9,37292,2.3,30185,3.6,66856,3.8,57332,3.7
Mar-19,39407,2.2,37615,2.8,84524,2.5,42261,6,86106,3.9,52200,1.9,37514,2.3,30760,3.7,69200,3.9,58043,3.7
Apr-19,40081,2.3,38683,2.9,86154,2.6,42685,6.1,87240,4,53801,2,37937,2.3,31258,3.8,72308,4.1,59034,3.8
May-19,40612,2.3,39432,2.9,87731,2.6,43281,6.1,88775,4,55738,2.1,38299,2.3,31792,3.8,74307,4.2,60049,3.9
Jun-19,42811,2.4,40690,3,90001,2.7,44409,6.3,91656,4.2,59229,2.2,39268,2.4,32769,4,75835,4.3,61400,4
Jul-19,44088,2.5,41860,3.1,91337,2.7,44428,6.3,92890,4.2,60257,2.2,39836,2.4,33199,4,76078,4.3,63018,4.1
Aug-19,45133,2.6,42774,3.2,93562,2.8,44575,6.3,94241,4.3,61591,2.3,40429,2.5,34161,4.1,76947,4.3,63952,4.1
Sep-19,46226,2.6,43624,3.2,95950,2.9,44324,6.3,95162,4.3,63393,2.3,40788,2.5,35044,4.2,78437,4.4,64744,4.2
Oct-19,47731,2.7,44560,3.3,98177,2.9,44975,6.4,96495,4.4,64936,2.4,41558,2.5,35554,4.3,79870,4.5,66076,4.3
Nov-19,48823,2.8,45251,3.4,100474,3,45409,6.5,97880,4.4,66287,2.5,42173,2.6,36207,4.4,81342,4.6,67087,4.3
Dec-19,49283,2.8,45688,3.4,101148,3,45375,6.4,97928,4.4,66260,2.5,42306,2.6,36180,4.4,81679,4.6,67561,4.3
Jan-20,48518,2.5,45835,3.2,99778,2.8,44763,6,97272,4.1,65093,2.3,42109,2.4,35270,4.1,80528,4.2,67472,4
Feb-20,48152,2.5,45965,3.2,100287,2.8,44931,6,97100,4.1,64190,2.3,41978,2.4,34777,4,80654,4.2,67936,4
Mar-20,48041,2.5,45741,3.2,100990,2.8,44843,6,97405,4.1,64490,2.3,41697,2.4,34466,4,83102,4.4,68377,4
Apr-20,87830,4.6,80125,5.5,167861,4.7,70397,9.5,168142,7.1,125687,4.4,85093,4.9,62891,7.3,130968,6.9,115367,6.8
May-20,127745,6.7,103525,7.1,262988,7.3,78141,10.5,202076,8.6,180877,6.4,110413,6.3,73247,8.5,163304,8.6,138807,8.2
Jun-20,120172,6.3,100178,6.9,258492,7.2,77313,10.4,197346,8.4,171313,6,104025,6,71046,8.2,158544,8.3,136001,8
Jul-20,123638,6.5,101112,7,263681,7.3,77711,10.5,199522,8.5,175670,6.2,106706,6.1,73025,8.4,159784,8.4,138297,8.1
Aug-20,126479,6.6,101768,7,271463,7.5,78149,10.5,199908,8.5,180301,6.4,108454,6.2,73704,8.5,162034,8.5,138830,8.2
Sep-20,124320,6.5,100326,6.9,273553,7.6,77255,10.4,198696,8.4,178450,6.3,105277,6,71869,8.3,161728,8.5,137225,8.1
Oct-20,118470,6.2,96380,6.6,267543,7.4,75293,10.1,193296,8.2,169725,6,99036,5.7,68830,8,157817,8.3,133149,7.8
Nov-20,119526,6.2,96941,6.7,277529,7.7,74530,10,195337,8.3,171677,6.1,99882,5.7,69035,8,159032,8.3,133857,7.9
Dec-20,118589,6.2,95400,6.6,280202,7.8,73140,9.8,193375,8.2,170258,6,98492,5.6,67808,7.8,158035,8.3,133277,7.8
Jan-21,114810,6.2,93411,6.6,274119,7.6,71601,9.5,190126,8.3,165259,6,95885,5.7,65600,7.4,153758,8.4,131686,7.9
Feb-21,118831,6.5,96416,6.8,284906,7.9,72318,9.6,194494,8.4,169888,6.1,99484,5.9,66392,7.5,157919,8.7,134960,8.1
Mar-21,117931,6.4,95482,6.8,285480,7.9,71622,9.5,191986,8.3,168836,6.1,98316,5.8,65405,7.4,157310,8.6,133407,8
Apr-21,116448,6.3,93802,6.7,283713,7.9,70330,9.4,189345,8.2,166527,6,96536,5.7,64595,7.3,156854,8.6,131013,7.9
May-21,108566,5.9,88298,6.3,267797,7.4,67203,8.9,180462,7.8,155828,5.6,88893,5.3,61251,6.9,150254,8.2,124015,7.5
Jun-21,100314,5.4,82873,5.9,247048,6.9,64209,8.5,171124,7.4,145220,5.2,81699,4.9,57390,6.5,142444,7.8,117602,7.1
Jul-21,98701,5.4,80665,5.7,242818,6.8,62565,8.3,167370,7.3,142125,5.1,79875,4.7,55929,6.3,139069,7.6,115969,7
Aug-21,94351,5.1,77478,5.5,231915,6.4,59960,8,160629,7,135381,4.9,75467,4.5,53510,6,133819,7.3,111724,6.7
Sep-21,89227,4.8,74408,5.3,218321,6.1,57596,7.7,153938,6.7,128129,4.6,71238,4.2,51499,5.8,128925,7.1,107678,6.5
Oct-21,86652,4.7,72215,5.1,212214,5.9,55736,7.4,148398,6.4,123312,4.4,68936,4.1,49994,5.6,125483,6.9,104172,6.3
Nov-21,83150,4.5,69729,4.9,204043,5.7,53499,7.1,142880,6.2,118420,4.3,65876,3.9,48048,5.4,121499,6.7,100550,6
Dec-21,79912,4.3,66978,4.8,196295,5.5,51623,6.9,137787,6,113365,4.1,62987,3.7,46194,5.2,117946,6.5,96591,5.8
Jan-22,76734,4.2,65148,4.7,188881,5.2,50322,7.1,134110,6,108975,4,61261,3.6,44854,5.2,114417,6.5,94102,5.7
Feb-22,73532,4.1,63208,4.6,183597,5.1,48460,6.9,130781,5.9,104048,3.9,59212,3.5,43029,5,112227,6.4,91628,5.5
Mar-22,69928,3.9,60818,4.4,174870,4.8,46405,6.6,125397,5.6,99316,3.7,56271,3.3,41326,4.8,109647,6.2,87917,5.3
Apr-22,67091,3.7,58483,4.3,168438,4.7,44098,6.3,120929,5.4,96166,3.6,53652,3.2,39388,4.6,108778,6.2,85161,5.2
May-22,65218,3.6,57320,4.2,164024,4.5,43794,6.2,120307,5.4,95054,3.5,51684,3,38899,4.5,107511,6.1,83112,5
Jun-22,64345,3.6,56531,4.1,160479,4.4,43712,6.2,119660,5.4,95095,3.5,50721,3,38679,4.5,105447,6,81977,5
Jul-22,64069,3.5,55808,4.1,157136,4.4,42811,6.1,118618,5.3,93570,3.5,49889,2.9,38205,4.4,103912,5.9,81933,5
Aug-22,64010,3.5,55597,4,156216,4.3,42533,6,117478,5.3,92908,3.4,49372,2.9,38080,4.4,102816,5.8,81260,4.9
Sep-22,64112,3.5,55930,4.1,157290,4.4,42460,6,117791,5.3,93388,3.5,49622,2.9,38170,4.4,102856,5.8,81185,4.9
Oct-22,63885,3.5,55332,4,157564,4.4,42168,6,116690,5.2,92868,3.4,49284,2.9,37820,4.4,102292,5.8,80258,4.9
Nov-22,63521,3.5,55980,4.1,157886,4.4,42051,6,116469,5.2,92024,3.4,49553,2.9,37451,4.3,103025,5.8,80565,4.9
Dec-22,62887,3.5,56387,4.1,157238,4.4,42010,6,115969,5.2,91228,3.4,49268,2.9,37155,4.3,102878,5.8,80231,4.9
,,,,,,,,,,,,,,,,,,,,
,,,,,,,,,,,,,,,,,,,,
,,,,,,,,,,,,,,,,,,,,
,From May 2013 onwards JSA is no longer classed as a National Statistic as it,,,,,,,,,,,,,,,,,,,
,is no longer a full count of those claiming unemployment related benefits.,,,,,,,,,,,,,,,,,,,
,Users should instead use the Claimant Count datasets for a more accurate,,,,,,,,,,,,,,,,,,,
,coverage of claimants.,,,,,,,,,,,,,,,,,,,
,,,,,,,,,,,,,,,,,,,,
,,,,,,,,,,,,,,,,,,,,
,From May 2013 onwards these figures are considered Experimental Statistics.,,,,,,,,,,,,,,,,,,,
,,,,,,,,,,,,,,,,,,,,
,,,,,,,,,,,,,,,,,,,,
,This datas may be affected by a geographical definition issue.,,,,,,,,,,,,,,,,,,,
,For further information see https://www.nomisweb.co.uk/articles/1199.aspx,,,,,,,,,,,,,,,,,,,
,,,,,,,,,,,,,,,,,,,,
,,,,,,,,,,,,,,,,,,,,
,Under Universal Credit a broader span of claimants are required to look for,,,,,,,,,,,,,,,,,,,
,work than under Jobseeker's Allowance. As Universal Credit Full Service is,,,,,,,,,,,,,,,,,,,
,"rolled out in particular areas, the number of people recorded as being on the",,,,,,,,,,,,,,,,,,,
,Claimant Count is therefore likely to rise.,,,,,,,,,,,,,,,,,,,
,,,,,,,,,,,,,,,,,,,,
,,,,,,,,,,,,,,,,,,,,
,Rate figures for dates from 2021 onwards are calculated using mid-2021,,,,,,,,,,,,,,,,,,,
,workforce estimates,,,,,,,,,,,,,,,,,,,
